{"@context":"http://greendelta.github.io/olca-schema/context.jsonld","@type":"ImpactCategory","@id":"470dfe6d-f7e4-47f4-abdb-df300b212832","name":"Particulate matter formation","version":"00.00.000","referenceUnitName":"DALY","impactFactors":[{"@type":"ImpactFactor","value":7.7E-5,"flow":{"@type":"Flow","@id":"8c52f40c-69b7-4538-8923-b371523c71f5","name":"Sulfur dioxide"},"unit":{"@type":"Unit","@id":"20aadc24-a391-41cf-b340-3e4529f44bde","name":"kg"},"flowProperty":{"@type":"FlowProperty","@id":"93a60a56-a3c8-11da-a746-0800200b9a66","name":"Mass"}},{"@type":"ImpactFactor","value":0.0,"flow":{"@type":"Flow","@id":"7678cec7-b8e1-439d-8242-99cd452834b1","name":"Particulates, \u003e 10 um"},"unit":{"@type":"Unit","@id":"20aadc24-a391-41cf-b340-3e4529f44bde","name":"kg"},"flowProperty":{"@type":"FlowProperty","@id":"93a60a56-a3c8-11da-a746-0800200b9a66","name":"Mass"}},{"@type":"ImpactFactor","value":1.4E-5,"flow":{"@type":"Flow","@id":"4841a0fe-c250-4a39-94a1-1bc31426c0f1","name":"Nitrogen oxides"},"unit":{"@type":"Unit","@id":"20aadc24-a391-41cf-b340-3e4529f44bde","name":"kg"},"flowProperty":{"@type":"FlowProperty","@id":"93a60a56-a3c8-11da-a746-0800200b9a66","name":"Mass"}},{"@type":"ImpactFactor","value":0.0,"flow":{"@type":"Flow","@id":"e22e8f39-d8f2-4702-bed3-0b95babb7788","name":"Particulates, \u003e 10 um"},"unit":{"@type":"Unit","@id":"20aadc24-a391-41cf-b340-3e4529f44bde","name":"kg"},"flowProperty":{"@type":"FlowProperty","@id":"93a60a56-a3c8-11da-a746-0800200b9a66","name":"Mass"}},{"@type":"ImpactFactor","value":1.3E-4,"flow":{"@type":"Flow","@id":"0f440cc0-0f74-446d-99d6-8ff0e97a2444","name":"Ammonia"},"unit":{"@type":"Unit","@id":"20aadc24-a391-41cf-b340-3e4529f44bde","name":"kg"},"flowProperty":{"@type":"FlowProperty","@id":"93a60a56-a3c8-11da-a746-0800200b9a66","name":"Mass"}},{"@type":"ImpactFactor","value":1.6E-5,"flow":{"@type":"Flow","@id":"d068f3e2-b033-417b-a359-ca4f25da9731","name":"Nitrogen oxides"},"unit":{"@type":"Unit","@id":"20aadc24-a391-41cf-b340-3e4529f44bde","name":"kg"},"flowProperty":{"@type":"FlowProperty","@id":"93a60a56-a3c8-11da-a746-0800200b9a66","name":"Mass"}},{"@type":"ImpactFactor","value":0.0012,"flow":{"@type":"Flow","@id":"ddd99a3a-be86-423d-b36a-a9dc8af1b1f8","name":"Particulates, \u003c 2.5 um"},"unit":{"@type":"Unit","@id":"20aadc24-a391-41cf-b340-3e4529f44bde","name":"kg"},"flowProperty":{"@type":"FlowProperty","@id":"93a60a56-a3c8-11da-a746-0800200b9a66","name":"Mass"}},{"@type":"ImpactFactor","value":0.0,"flow":{"@type":"Flow","@id":"295c9740-6fdb-4676-9eb8-15e3786f713d","name":"Particulates, \u003e 2.5 um, and \u003c 10um"},"unit":{"@type":"Unit","@id":"20aadc24-a391-41cf-b340-3e4529f44bde","name":"kg"},"flowProperty":{"@type":"FlowProperty","@id":"93a60a56-a3c8-11da-a746-0800200b9a66","name":"Mass"}},{"@type":"ImpactFactor","value":0.0,"flow":{"@type":"Flow","@id":"b001715e-60e4-4f1d-949d-1acfab65bd8f","name":"Particulates, \u003e 10 um"},"unit":{"@type":"Unit","@id":"20aadc24-a391-41cf-b340-3e4529f44bde","name":"kg"},"flowProperty":{"@type":"FlowProperty","@id":"93a60a56-a3c8-11da-a746-0800200b9a66","name":"Mass"}},{"@type":"ImpactFactor","value":6.9E-5,"flow":{"@type":"Flow","@id":"6ce44f77-d181-4396-8fa2-2276eeeb4c08","name":"Sulfur dioxide"},"unit":{"@type":"Unit","@id":"20aadc24-a391-41cf-b340-3e4529f44bde","name":"kg"},"flowProperty":{"@type":"FlowProperty","@id":"93a60a56-a3c8-11da-a746-0800200b9a66","name":"Mass"}},{"@type":"ImpactFactor","value":2.0E-4,"flow":{"@type":"Flow","@id":"66f50b33-fd62-4fdd-a373-c5b0de7de00d","name":"Particulates, \u003c 2.5 um"},"unit":{"@type":"Unit","@id":"20aadc24-a391-41cf-b340-3e4529f44bde","name":"kg"},"flowProperty":{"@type":"FlowProperty","@id":"93a60a56-a3c8-11da-a746-0800200b9a66","name":"Mass"}},{"@type":"ImpactFactor","value":1.4E-5,"flow":{"@type":"Flow","@id":"9115356e-a534-4329-9ec6-d9208720241b","name":"Nitrogen oxides"},"unit":{"@type":"Unit","@id":"20aadc24-a391-41cf-b340-3e4529f44bde","name":"kg"},"flowProperty":{"@type":"FlowProperty","@id":"93a60a56-a3c8-11da-a746-0800200b9a66","name":"Mass"}},{"@type":"ImpactFactor","value":0.0,"flow":{"@type":"Flow","@id":"b967e1bf-f09b-4c89-8740-ace21db47bba","name":"Particulates, \u003e 2.5 um, and \u003c 10um"},"unit":{"@type":"Unit","@id":"20aadc24-a391-41cf-b340-3e4529f44bde","name":"kg"},"flowProperty":{"@type":"FlowProperty","@id":"93a60a56-a3c8-11da-a746-0800200b9a66","name":"Mass"}},{"@type":"ImpactFactor","value":0.0,"flow":{"@type":"Flow","@id":"1eb1b94c-e9d8-47ab-969b-9cca920157d8","name":"Particulates, \u003e 10 um"},"unit":{"@type":"Unit","@id":"20aadc24-a391-41cf-b340-3e4529f44bde","name":"kg"},"flowProperty":{"@type":"FlowProperty","@id":"93a60a56-a3c8-11da-a746-0800200b9a66","name":"Mass"}},{"@type":"ImpactFactor","value":0.0,"flow":{"@type":"Flow","@id":"66020d27-7ae4-4e59-83a3-89214b72c40a","name":"Particulates, \u003e 10 um"},"unit":{"@type":"Unit","@id":"20aadc24-a391-41cf-b340-3e4529f44bde","name":"kg"},"flowProperty":{"@type":"FlowProperty","@id":"93a60a56-a3c8-11da-a746-0800200b9a66","name":"Mass"}},{"@type":"ImpactFactor","value":7.2E-4,"flow":{"@type":"Flow","@id":"7ae398c3-8532-11e0-9d78-0800200c9a66","name":"Particulates, unspecified"},"unit":{"@type":"Unit","@id":"20aadc24-a391-41cf-b340-3e4529f44bde","name":"kg"},"flowProperty":{"@type":"FlowProperty","@id":"93a60a56-a3c8-11da-a746-0800200b9a66","name":"Mass"}},{"@type":"ImpactFactor","value":1.3E-4,"flow":{"@type":"Flow","@id":"87883a4e-1e3e-4c9d-90c0-f1bea36f8014","name":"Ammonia"},"unit":{"@type":"Unit","@id":"20aadc24-a391-41cf-b340-3e4529f44bde","name":"kg"},"flowProperty":{"@type":"FlowProperty","@id":"93a60a56-a3c8-11da-a746-0800200b9a66","name":"Mass"}},{"@type":"ImpactFactor","value":0.0,"flow":{"@type":"Flow","@id":"ccb169c3-8aae-4727-89bb-a7dd122946f3","name":"Particulates, \u003e 2.5 um, and \u003c 10um"},"unit":{"@type":"Unit","@id":"20aadc24-a391-41cf-b340-3e4529f44bde","name":"kg"},"flowProperty":{"@type":"FlowProperty","@id":"93a60a56-a3c8-11da-a746-0800200b9a66","name":"Mass"}},{"@type":"ImpactFactor","value":6.9E-5,"flow":{"@type":"Flow","@id":"16521d00-4b6f-464f-b5dd-8da4a27b15ca","name":"Sulfur dioxide"},"unit":{"@type":"Unit","@id":"20aadc24-a391-41cf-b340-3e4529f44bde","name":"kg"},"flowProperty":{"@type":"FlowProperty","@id":"93a60a56-a3c8-11da-a746-0800200b9a66","name":"Mass"}},{"@type":"ImpactFactor","value":1.3E-4,"flow":{"@type":"Flow","@id":"2b50f643-216a-412b-a0e5-5946867aa2ed","name":"Ammonia"},"unit":{"@type":"Unit","@id":"20aadc24-a391-41cf-b340-3e4529f44bde","name":"kg"},"flowProperty":{"@type":"FlowProperty","@id":"93a60a56-a3c8-11da-a746-0800200b9a66","name":"Mass"}},{"@type":"ImpactFactor","value":7.2E-4,"flow":{"@type":"Flow","@id":"08a91e70-3ddc-11dd-91be-0050c2490048","name":"Particulates, \u003c 10 um"},"unit":{"@type":"Unit","@id":"20aadc24-a391-41cf-b340-3e4529f44bde","name":"kg"},"flowProperty":{"@type":"FlowProperty","@id":"93a60a56-a3c8-11da-a746-0800200b9a66","name":"Mass"}},{"@type":"ImpactFactor","value":0.0,"flow":{"@type":"Flow","@id":"5716c728-bd33-414d-8691-16e5534f5d37","name":"Particulates, \u003e 2.5 um, and \u003c 10um"},"unit":{"@type":"Unit","@id":"20aadc24-a391-41cf-b340-3e4529f44bde","name":"kg"},"flowProperty":{"@type":"FlowProperty","@id":"93a60a56-a3c8-11da-a746-0800200b9a66","name":"Mass"}},{"@type":"ImpactFactor","value":0.0012,"flow":{"@type":"Flow","@id":"051aaf7a-6c1a-4e86-999f-85d5f0830df6","name":"Particulates, \u003c 2.5 um"},"unit":{"@type":"Unit","@id":"20aadc24-a391-41cf-b340-3e4529f44bde","name":"kg"},"flowProperty":{"@type":"FlowProperty","@id":"93a60a56-a3c8-11da-a746-0800200b9a66","name":"Mass"}},{"@type":"ImpactFactor","value":1.3E-4,"flow":{"@type":"Flow","@id":"8494ed3c-0416-4aa5-b100-51a2b2bcadbd","name":"Ammonia"},"unit":{"@type":"Unit","@id":"20aadc24-a391-41cf-b340-3e4529f44bde","name":"kg"},"flowProperty":{"@type":"FlowProperty","@id":"93a60a56-a3c8-11da-a746-0800200b9a66","name":"Mass"}},{"@type":"ImpactFactor","value":1.3E-5,"flow":{"@type":"Flow","@id":"77357947-ccc5-438e-9996-95e65e1e1bce","name":"Nitrogen oxides"},"unit":{"@type":"Unit","@id":"20aadc24-a391-41cf-b340-3e4529f44bde","name":"kg"},"flowProperty":{"@type":"FlowProperty","@id":"93a60a56-a3c8-11da-a746-0800200b9a66","name":"Mass"}},{"@type":"ImpactFactor","value":7.2E-4,"flow":{"@type":"Flow","@id":"2071631d-7d90-4040-ac40-1829af0bd3c2","name":"Particulates, \u003c 10 um (stationary)"},"unit":{"@type":"Unit","@id":"20aadc24-a391-41cf-b340-3e4529f44bde","name":"kg"},"flowProperty":{"@type":"FlowProperty","@id":"93a60a56-a3c8-11da-a746-0800200b9a66","name":"Mass"}},{"@type":"ImpactFactor","value":0.0012,"flow":{"@type":"Flow","@id":"21e46cb8-6233-4c99-bac3-c41d2ab99498","name":"Particulates, \u003c 2.5 um"},"unit":{"@type":"Unit","@id":"20aadc24-a391-41cf-b340-3e4529f44bde","name":"kg"},"flowProperty":{"@type":"FlowProperty","@id":"93a60a56-a3c8-11da-a746-0800200b9a66","name":"Mass"}},{"@type":"ImpactFactor","value":6.2E-5,"flow":{"@type":"Flow","@id":"78c3efe4-421c-4d30-82e4-b97ac5124993","name":"Sulfur dioxide"},"unit":{"@type":"Unit","@id":"20aadc24-a391-41cf-b340-3e4529f44bde","name":"kg"},"flowProperty":{"@type":"FlowProperty","@id":"93a60a56-a3c8-11da-a746-0800200b9a66","name":"Mass"}},{"@type":"ImpactFactor","value":7.2E-4,"flow":{"@type":"Flow","@id":"67b5f511-45bc-4612-8bbb-282b83eb725a","name":"Particulates, \u003c 10 um (mobile)"},"unit":{"@type":"Unit","@id":"20aadc24-a391-41cf-b340-3e4529f44bde","name":"kg"},"flowProperty":{"@type":"FlowProperty","@id":"93a60a56-a3c8-11da-a746-0800200b9a66","name":"Mass"}},{"@type":"ImpactFactor","value":7.2E-4,"flow":{"@type":"Flow","@id":"c1f89bab-74fe-4995-9ed4-72bb73ca45f1","name":"Particulates, \u003c 10 um"},"unit":{"@type":"Unit","@id":"20aadc24-a391-41cf-b340-3e4529f44bde","name":"kg"},"flowProperty":{"@type":"FlowProperty","@id":"93a60a56-a3c8-11da-a746-0800200b9a66","name":"Mass"}},{"@type":"ImpactFactor","value":1.4E-5,"flow":{"@type":"Flow","@id":"c1b91234-6f24-417b-8309-46111d09c457","name":"Nitrogen oxides"},"unit":{"@type":"Unit","@id":"20aadc24-a391-41cf-b340-3e4529f44bde","name":"kg"},"flowProperty":{"@type":"FlowProperty","@id":"93a60a56-a3c8-11da-a746-0800200b9a66","name":"Mass"}},{"@type":"ImpactFactor","value":1.2E-4,"flow":{"@type":"Flow","@id":"7ae398c2-8532-11e0-9d78-0800200c9a66","name":"Particulates, unspecified"},"unit":{"@type":"Unit","@id":"20aadc24-a391-41cf-b340-3e4529f44bde","name":"kg"},"flowProperty":{"@type":"FlowProperty","@id":"93a60a56-a3c8-11da-a746-0800200b9a66","name":"Mass"}},{"@type":"ImpactFactor","value":1.2E-4,"flow":{"@type":"Flow","@id":"d42f8d08-08f6-42ef-ae04-dc2025462880","name":"Particulates, \u003c 10 um"},"unit":{"@type":"Unit","@id":"20aadc24-a391-41cf-b340-3e4529f44bde","name":"kg"},"flowProperty":{"@type":"FlowProperty","@id":"93a60a56-a3c8-11da-a746-0800200b9a66","name":"Mass"}},{"@type":"ImpactFactor","value":6.9E-5,"flow":{"@type":"Flow","@id":"fd7aa71c-508c-480d-81a6-8052aad92646","name":"Sulfur dioxide"},"unit":{"@type":"Unit","@id":"20aadc24-a391-41cf-b340-3e4529f44bde","name":"kg"},"flowProperty":{"@type":"FlowProperty","@id":"93a60a56-a3c8-11da-a746-0800200b9a66","name":"Mass"}},{"@type":"ImpactFactor","value":1.3E-4,"flow":{"@type":"Flow","@id":"9990b51b-7023-4700-bca0-1a32ef921f74","name":"Ammonia"},"unit":{"@type":"Unit","@id":"20aadc24-a391-41cf-b340-3e4529f44bde","name":"kg"},"flowProperty":{"@type":"FlowProperty","@id":"93a60a56-a3c8-11da-a746-0800200b9a66","name":"Mass"}},{"@type":"ImpactFactor","value":0.0,"flow":{"@type":"Flow","@id":"604f9273-f26b-46be-83a7-3a65280011d1","name":"Particulates, \u003e 2.5 um, and \u003c 10um"},"unit":{"@type":"Unit","@id":"20aadc24-a391-41cf-b340-3e4529f44bde","name":"kg"},"flowProperty":{"@type":"FlowProperty","@id":"93a60a56-a3c8-11da-a746-0800200b9a66","name":"Mass"}}]}