{"@context":"http://greendelta.github.io/olca-schema/context.jsonld","@type":"ImpactCategory","@id":"b4013e89-a016-4486-bd37-ac8ae4282679","name":"Ionizing radiation, fre. ecosystem","version":"00.00.000","referenceUnitName":"PDF.m2.yr","impactFactors":[{"@type":"ImpactFactor","value":3.77E-14,"flow":{"@type":"Flow","@id":"e2e79f41-9c2e-4a2b-844c-37cb6f9a3ce6","name":"Silver-110"},"unit":{"@type":"Unit","@id":"e9773595-284e-46dd-9671-5fc9ff406833","name":"kBq"},"flowProperty":{"@type":"FlowProperty","@id":"93a60a56-a3c8-17da-a746-0800200c9a66","name":"Radioactivity"}},{"@type":"ImpactFactor","value":1.24E-13,"flow":{"@type":"Flow","@id":"a9e65945-a4dd-42c2-89cf-81ad2eb6b0fd","name":"Cesium-137"},"unit":{"@type":"Unit","@id":"e9773595-284e-46dd-9671-5fc9ff406833","name":"kBq"},"flowProperty":{"@type":"FlowProperty","@id":"93a60a56-a3c8-17da-a746-0800200c9a66","name":"Radioactivity"}},{"@type":"ImpactFactor","value":6.2E-14,"flow":{"@type":"Flow","@id":"4f9a12c7-74b1-4221-a1e5-5a8235379166","name":"Cobalt-60"},"unit":{"@type":"Unit","@id":"e9773595-284e-46dd-9671-5fc9ff406833","name":"kBq"},"flowProperty":{"@type":"FlowProperty","@id":"93a60a56-a3c8-17da-a746-0800200c9a66","name":"Radioactivity"}},{"@type":"ImpactFactor","value":6.23E-14,"flow":{"@type":"Flow","@id":"441ef9b3-0df0-461b-bd84-358973e0c2ca","name":"Cobalt-60"},"unit":{"@type":"Unit","@id":"e9773595-284e-46dd-9671-5fc9ff406833","name":"kBq"},"flowProperty":{"@type":"FlowProperty","@id":"93a60a56-a3c8-17da-a746-0800200c9a66","name":"Radioactivity"}},{"@type":"ImpactFactor","value":2.85E-14,"flow":{"@type":"Flow","@id":"19ff96c2-6796-44e3-ab85-3635e8cb7e89","name":"Iodine-131"},"unit":{"@type":"Unit","@id":"e9773595-284e-46dd-9671-5fc9ff406833","name":"kBq"},"flowProperty":{"@type":"FlowProperty","@id":"93a60a56-a3c8-17da-a746-0800200c9a66","name":"Radioactivity"}},{"@type":"ImpactFactor","value":1.27E-13,"flow":{"@type":"Flow","@id":"f68f00b8-2057-476e-88c8-1d92b5af0889","name":"Antimony-124"},"unit":{"@type":"Unit","@id":"e9773595-284e-46dd-9671-5fc9ff406833","name":"kBq"},"flowProperty":{"@type":"FlowProperty","@id":"93a60a56-a3c8-17da-a746-0800200c9a66","name":"Radioactivity"}},{"@type":"ImpactFactor","value":2.96E-14,"flow":{"@type":"Flow","@id":"729eac4f-0339-4d0f-8956-a71ebe20a527","name":"Manganese-54"},"unit":{"@type":"Unit","@id":"e9773595-284e-46dd-9671-5fc9ff406833","name":"kBq"},"flowProperty":{"@type":"FlowProperty","@id":"93a60a56-a3c8-17da-a746-0800200c9a66","name":"Radioactivity"}},{"@type":"ImpactFactor","value":2.79E-14,"flow":{"@type":"Flow","@id":"70d0e8c8-8c46-4eee-ad05-92f05e8f129e","name":"Cobalt-58"},"unit":{"@type":"Unit","@id":"e9773595-284e-46dd-9671-5fc9ff406833","name":"kBq"},"flowProperty":{"@type":"FlowProperty","@id":"93a60a56-a3c8-17da-a746-0800200c9a66","name":"Radioactivity"}},{"@type":"ImpactFactor","value":0.0,"flow":{"@type":"Flow","@id":"7ad30e1c-f353-41c9-b61e-48fb5a07acef","name":"Cobalt-58"},"unit":{"@type":"Unit","@id":"e9773595-284e-46dd-9671-5fc9ff406833","name":"kBq"},"flowProperty":{"@type":"FlowProperty","@id":"93a60a56-a3c8-17da-a746-0800200c9a66","name":"Radioactivity"}},{"@type":"ImpactFactor","value":3.4E-13,"flow":{"@type":"Flow","@id":"c053d3d0-392b-42f7-a948-c55efb07562f","name":"Cesium-134"},"unit":{"@type":"Unit","@id":"e9773595-284e-46dd-9671-5fc9ff406833","name":"kBq"},"flowProperty":{"@type":"FlowProperty","@id":"93a60a56-a3c8-17da-a746-0800200c9a66","name":"Radioactivity"}},{"@type":"ImpactFactor","value":3.08E-17,"flow":{"@type":"Flow","@id":"7a874970-77f5-49be-bf00-1647f35d717a","name":"Hydrogen-3, Tritium"},"unit":{"@type":"Unit","@id":"e9773595-284e-46dd-9671-5fc9ff406833","name":"kBq"},"flowProperty":{"@type":"FlowProperty","@id":"93a60a56-a3c8-17da-a746-0800200c9a66","name":"Radioactivity"}},{"@type":"ImpactFactor","value":2.78E-13,"flow":{"@type":"Flow","@id":"cb20efd1-1f08-4035-a18a-1a601a81347e","name":"Cesium-137"},"unit":{"@type":"Unit","@id":"e9773595-284e-46dd-9671-5fc9ff406833","name":"kBq"},"flowProperty":{"@type":"FlowProperty","@id":"93a60a56-a3c8-17da-a746-0800200c9a66","name":"Radioactivity"}},{"@type":"ImpactFactor","value":1.27E-13,"flow":{"@type":"Flow","@id":"bca0aef8-5f01-4b60-bd49-d6711b461339","name":"Antimony-124"},"unit":{"@type":"Unit","@id":"e9773595-284e-46dd-9671-5fc9ff406833","name":"kBq"},"flowProperty":{"@type":"FlowProperty","@id":"93a60a56-a3c8-17da-a746-0800200c9a66","name":"Radioactivity"}},{"@type":"ImpactFactor","value":7.12E-14,"flow":{"@type":"Flow","@id":"eea0ae1c-7a64-481c-a24d-fb6a3b8c5290","name":"Iodine-131"},"unit":{"@type":"Unit","@id":"e9773595-284e-46dd-9671-5fc9ff406833","name":"kBq"},"flowProperty":{"@type":"FlowProperty","@id":"93a60a56-a3c8-17da-a746-0800200c9a66","name":"Radioactivity"}},{"@type":"ImpactFactor","value":2.96E-14,"flow":{"@type":"Flow","@id":"2d0d9cdc-822f-4438-98d7-7aa4aa64771a","name":"Manganese-54"},"unit":{"@type":"Unit","@id":"e9773595-284e-46dd-9671-5fc9ff406833","name":"kBq"},"flowProperty":{"@type":"FlowProperty","@id":"93a60a56-a3c8-17da-a746-0800200c9a66","name":"Radioactivity"}},{"@type":"ImpactFactor","value":0.0,"flow":{"@type":"Flow","@id":"5e09ac47-20a5-46d5-a360-60586cf30478","name":"Cesium-134"},"unit":{"@type":"Unit","@id":"e9773595-284e-46dd-9671-5fc9ff406833","name":"kBq"},"flowProperty":{"@type":"FlowProperty","@id":"93a60a56-a3c8-17da-a746-0800200c9a66","name":"Radioactivity"}},{"@type":"ImpactFactor","value":1.56E-14,"flow":{"@type":"Flow","@id":"e51e73a4-bc86-40a4-bdf7-83192b3618a3","name":"Silver-110"},"unit":{"@type":"Unit","@id":"e9773595-284e-46dd-9671-5fc9ff406833","name":"kBq"},"flowProperty":{"@type":"FlowProperty","@id":"93a60a56-a3c8-17da-a746-0800200c9a66","name":"Radioactivity"}},{"@type":"ImpactFactor","value":7.12E-14,"flow":{"@type":"Flow","@id":"ab9fef9d-1b47-4d79-a28a-0132dfa18020","name":"Iodine-131"},"unit":{"@type":"Unit","@id":"e9773595-284e-46dd-9671-5fc9ff406833","name":"kBq"},"flowProperty":{"@type":"FlowProperty","@id":"93a60a56-a3c8-17da-a746-0800200c9a66","name":"Radioactivity"}},{"@type":"ImpactFactor","value":3.77E-14,"flow":{"@type":"Flow","@id":"3d73dd18-aec5-41a6-bc11-91a8aa9beb1d","name":"Silver-110"},"unit":{"@type":"Unit","@id":"e9773595-284e-46dd-9671-5fc9ff406833","name":"kBq"},"flowProperty":{"@type":"FlowProperty","@id":"93a60a56-a3c8-17da-a746-0800200c9a66","name":"Radioactivity"}},{"@type":"ImpactFactor","value":3.08E-17,"flow":{"@type":"Flow","@id":"ae65979b-a513-424c-b381-09c421b79a8d","name":"Hydrogen-3, Tritium"},"unit":{"@type":"Unit","@id":"e9773595-284e-46dd-9671-5fc9ff406833","name":"kBq"},"flowProperty":{"@type":"FlowProperty","@id":"93a60a56-a3c8-17da-a746-0800200c9a66","name":"Radioactivity"}},{"@type":"ImpactFactor","value":7.83E-14,"flow":{"@type":"Flow","@id":"1d3c47d1-4b30-49de-8dd6-6d27d3342d48","name":"tellurium-123"},"unit":{"@type":"Unit","@id":"e9773595-284e-46dd-9671-5fc9ff406833","name":"kBq"},"flowProperty":{"@type":"FlowProperty","@id":"93a60a56-a3c8-17da-a746-0800200c9a66","name":"Radioactivity"}},{"@type":"ImpactFactor","value":1.31E-14,"flow":{"@type":"Flow","@id":"fdd3a558-5d4d-4ca0-b0a5-950051dc92da","name":"Manganese-54"},"unit":{"@type":"Unit","@id":"e9773595-284e-46dd-9671-5fc9ff406833","name":"kBq"},"flowProperty":{"@type":"FlowProperty","@id":"93a60a56-a3c8-17da-a746-0800200c9a66","name":"Radioactivity"}},{"@type":"ImpactFactor","value":7.12E-14,"flow":{"@type":"Flow","@id":"5a38306d-8c33-4e3a-b2d5-da6e8dc19cba","name":"Iodine-131"},"unit":{"@type":"Unit","@id":"e9773595-284e-46dd-9671-5fc9ff406833","name":"kBq"},"flowProperty":{"@type":"FlowProperty","@id":"93a60a56-a3c8-17da-a746-0800200c9a66","name":"Radioactivity"}},{"@type":"ImpactFactor","value":7.12E-14,"flow":{"@type":"Flow","@id":"4dcfcea3-a7e7-44c5-8b96-9628d21ef86f","name":"Iodine-131"},"unit":{"@type":"Unit","@id":"e9773595-284e-46dd-9671-5fc9ff406833","name":"kBq"},"flowProperty":{"@type":"FlowProperty","@id":"93a60a56-a3c8-17da-a746-0800200c9a66","name":"Radioactivity"}},{"@type":"ImpactFactor","value":1.31E-14,"flow":{"@type":"Flow","@id":"9143372d-1042-4422-ac51-c197a4955292","name":"Manganese-54"},"unit":{"@type":"Unit","@id":"e9773595-284e-46dd-9671-5fc9ff406833","name":"kBq"},"flowProperty":{"@type":"FlowProperty","@id":"93a60a56-a3c8-17da-a746-0800200c9a66","name":"Radioactivity"}},{"@type":"ImpactFactor","value":0.0,"flow":{"@type":"Flow","@id":"147b91df-513b-4784-923a-180c2a5b1434","name":"Manganese-54"},"unit":{"@type":"Unit","@id":"e9773595-284e-46dd-9671-5fc9ff406833","name":"kBq"},"flowProperty":{"@type":"FlowProperty","@id":"93a60a56-a3c8-17da-a746-0800200c9a66","name":"Radioactivity"}},{"@type":"ImpactFactor","value":3.4E-13,"flow":{"@type":"Flow","@id":"3860fbca-8a2b-4297-803b-55ee227cab79","name":"Cesium-134"},"unit":{"@type":"Unit","@id":"e9773595-284e-46dd-9671-5fc9ff406833","name":"kBq"},"flowProperty":{"@type":"FlowProperty","@id":"93a60a56-a3c8-17da-a746-0800200c9a66","name":"Radioactivity"}},{"@type":"ImpactFactor","value":3.77E-14,"flow":{"@type":"Flow","@id":"b6e855e8-97dc-41b0-8a3e-614676036796","name":"Silver-110"},"unit":{"@type":"Unit","@id":"e9773595-284e-46dd-9671-5fc9ff406833","name":"kBq"},"flowProperty":{"@type":"FlowProperty","@id":"93a60a56-a3c8-17da-a746-0800200c9a66","name":"Radioactivity"}},{"@type":"ImpactFactor","value":1.93E-13,"flow":{"@type":"Flow","@id":"bfc66f26-0b11-4e6e-9e8c-2bfde24dc23c","name":"Carbon-14"},"unit":{"@type":"Unit","@id":"e9773595-284e-46dd-9671-5fc9ff406833","name":"kBq"},"flowProperty":{"@type":"FlowProperty","@id":"93a60a56-a3c8-17da-a746-0800200c9a66","name":"Radioactivity"}},{"@type":"ImpactFactor","value":0.0,"flow":{"@type":"Flow","@id":"6a05e007-ce7e-4dd3-8cb7-54585031b8b5","name":"Antimony-125"},"unit":{"@type":"Unit","@id":"e9773595-284e-46dd-9671-5fc9ff406833","name":"kBq"},"flowProperty":{"@type":"FlowProperty","@id":"93a60a56-a3c8-17da-a746-0800200c9a66","name":"Radioactivity"}},{"@type":"ImpactFactor","value":1.96E-14,"flow":{"@type":"Flow","@id":"2728d6bf-4ab3-4275-ac82-f7984f0b3e63","name":"Silver-110"},"unit":{"@type":"Unit","@id":"e9773595-284e-46dd-9671-5fc9ff406833","name":"kBq"},"flowProperty":{"@type":"FlowProperty","@id":"93a60a56-a3c8-17da-a746-0800200c9a66","name":"Radioactivity"}},{"@type":"ImpactFactor","value":2.96E-14,"flow":{"@type":"Flow","@id":"62ec6b76-5685-4501-8ea8-83cc3435385d","name":"Manganese-54"},"unit":{"@type":"Unit","@id":"e9773595-284e-46dd-9671-5fc9ff406833","name":"kBq"},"flowProperty":{"@type":"FlowProperty","@id":"93a60a56-a3c8-17da-a746-0800200c9a66","name":"Radioactivity"}},{"@type":"ImpactFactor","value":7.79E-14,"flow":{"@type":"Flow","@id":"281108a0-7873-4d0d-972b-f7319d19bb39","name":"Cobalt-60"},"unit":{"@type":"Unit","@id":"e9773595-284e-46dd-9671-5fc9ff406833","name":"kBq"},"flowProperty":{"@type":"FlowProperty","@id":"93a60a56-a3c8-17da-a746-0800200c9a66","name":"Radioactivity"}},{"@type":"ImpactFactor","value":0.0,"flow":{"@type":"Flow","@id":"df5f3f08-b71d-4816-b861-59604c1e6f11","name":"Carbon-14"},"unit":{"@type":"Unit","@id":"e9773595-284e-46dd-9671-5fc9ff406833","name":"kBq"},"flowProperty":{"@type":"FlowProperty","@id":"93a60a56-a3c8-17da-a746-0800200c9a66","name":"Radioactivity"}},{"@type":"ImpactFactor","value":0.0,"flow":{"@type":"Flow","@id":"0097bf60-3729-40b6-94d0-06bd6146cfc2","name":"Cesium-137"},"unit":{"@type":"Unit","@id":"e9773595-284e-46dd-9671-5fc9ff406833","name":"kBq"},"flowProperty":{"@type":"FlowProperty","@id":"93a60a56-a3c8-17da-a746-0800200c9a66","name":"Radioactivity"}},{"@type":"ImpactFactor","value":3.4E-13,"flow":{"@type":"Flow","@id":"9d9246d4-0ce3-4b47-8491-cf62e562ad38","name":"Cesium-134"},"unit":{"@type":"Unit","@id":"e9773595-284e-46dd-9671-5fc9ff406833","name":"kBq"},"flowProperty":{"@type":"FlowProperty","@id":"93a60a56-a3c8-17da-a746-0800200c9a66","name":"Radioactivity"}},{"@type":"ImpactFactor","value":1.26E-17,"flow":{"@type":"Flow","@id":"0cdaaa7e-3c23-419d-8ad5-12dc93c2e1e3","name":"Hydrogen-3, Tritium"},"unit":{"@type":"Unit","@id":"e9773595-284e-46dd-9671-5fc9ff406833","name":"kBq"},"flowProperty":{"@type":"FlowProperty","@id":"93a60a56-a3c8-17da-a746-0800200c9a66","name":"Radioactivity"}},{"@type":"ImpactFactor","value":7.83E-14,"flow":{"@type":"Flow","@id":"d172647f-7efb-4661-966a-399a23913690","name":"tellurium-123"},"unit":{"@type":"Unit","@id":"e9773595-284e-46dd-9671-5fc9ff406833","name":"kBq"},"flowProperty":{"@type":"FlowProperty","@id":"93a60a56-a3c8-17da-a746-0800200c9a66","name":"Radioactivity"}},{"@type":"ImpactFactor","value":6.2E-14,"flow":{"@type":"Flow","@id":"ab4a11c8-14f8-40f1-8c4e-888347bb2546","name":"Cobalt-60"},"unit":{"@type":"Unit","@id":"e9773595-284e-46dd-9671-5fc9ff406833","name":"kBq"},"flowProperty":{"@type":"FlowProperty","@id":"93a60a56-a3c8-17da-a746-0800200c9a66","name":"Radioactivity"}},{"@type":"ImpactFactor","value":4.13E-14,"flow":{"@type":"Flow","@id":"db52b0c1-6a98-43e6-b3da-6e6ad0fab8a9","name":"Antimony-125"},"unit":{"@type":"Unit","@id":"e9773595-284e-46dd-9671-5fc9ff406833","name":"kBq"},"flowProperty":{"@type":"FlowProperty","@id":"93a60a56-a3c8-17da-a746-0800200c9a66","name":"Radioactivity"}},{"@type":"ImpactFactor","value":1.55E-14,"flow":{"@type":"Flow","@id":"c8dd5128-8a14-41c8-abab-7112ce115f94","name":"Silver-110"},"unit":{"@type":"Unit","@id":"e9773595-284e-46dd-9671-5fc9ff406833","name":"kBq"},"flowProperty":{"@type":"FlowProperty","@id":"93a60a56-a3c8-17da-a746-0800200c9a66","name":"Radioactivity"}},{"@type":"ImpactFactor","value":1.27E-13,"flow":{"@type":"Flow","@id":"f9055607-c571-4903-85a8-7c20e3790c43","name":"Antimony-124"},"unit":{"@type":"Unit","@id":"e9773595-284e-46dd-9671-5fc9ff406833","name":"kBq"},"flowProperty":{"@type":"FlowProperty","@id":"93a60a56-a3c8-17da-a746-0800200c9a66","name":"Radioactivity"}},{"@type":"ImpactFactor","value":4.73E-13,"flow":{"@type":"Flow","@id":"c18f9e43-e4ad-4b3a-8ed8-638fe8015425","name":"Carbon-14"},"unit":{"@type":"Unit","@id":"e9773595-284e-46dd-9671-5fc9ff406833","name":"kBq"},"flowProperty":{"@type":"FlowProperty","@id":"93a60a56-a3c8-17da-a746-0800200c9a66","name":"Radioactivity"}},{"@type":"ImpactFactor","value":4.13E-14,"flow":{"@type":"Flow","@id":"1e10ab97-c155-42f6-99b2-14b22bc22aeb","name":"Antimony-125"},"unit":{"@type":"Unit","@id":"e9773595-284e-46dd-9671-5fc9ff406833","name":"kBq"},"flowProperty":{"@type":"FlowProperty","@id":"93a60a56-a3c8-17da-a746-0800200c9a66","name":"Radioactivity"}},{"@type":"ImpactFactor","value":3.77E-14,"flow":{"@type":"Flow","@id":"2e7b6bd9-c3af-498f-8d33-b172fc82c688","name":"Silver-110"},"unit":{"@type":"Unit","@id":"e9773595-284e-46dd-9671-5fc9ff406833","name":"kBq"},"flowProperty":{"@type":"FlowProperty","@id":"93a60a56-a3c8-17da-a746-0800200c9a66","name":"Radioactivity"}},{"@type":"ImpactFactor","value":0.0,"flow":{"@type":"Flow","@id":"897ec6a5-af78-453f-abdf-32233d0a30bf","name":"Iodine-131"},"unit":{"@type":"Unit","@id":"e9773595-284e-46dd-9671-5fc9ff406833","name":"kBq"},"flowProperty":{"@type":"FlowProperty","@id":"93a60a56-a3c8-17da-a746-0800200c9a66","name":"Radioactivity"}},{"@type":"ImpactFactor","value":7.79E-14,"flow":{"@type":"Flow","@id":"aa44c2b1-a57f-44bd-9dca-8b101155b621","name":"tellurium-123"},"unit":{"@type":"Unit","@id":"e9773595-284e-46dd-9671-5fc9ff406833","name":"kBq"},"flowProperty":{"@type":"FlowProperty","@id":"93a60a56-a3c8-17da-a746-0800200c9a66","name":"Radioactivity"}},{"@type":"ImpactFactor","value":1.48E-13,"flow":{"@type":"Flow","@id":"029057c8-f489-433f-927e-fc18e8b1a51b","name":"Cobalt-60"},"unit":{"@type":"Unit","@id":"e9773595-284e-46dd-9671-5fc9ff406833","name":"kBq"},"flowProperty":{"@type":"FlowProperty","@id":"93a60a56-a3c8-17da-a746-0800200c9a66","name":"Radioactivity"}},{"@type":"ImpactFactor","value":2.96E-14,"flow":{"@type":"Flow","@id":"dcf5005b-16a3-49ed-ae93-960a320f52db","name":"Manganese-54"},"unit":{"@type":"Unit","@id":"e9773595-284e-46dd-9671-5fc9ff406833","name":"kBq"},"flowProperty":{"@type":"FlowProperty","@id":"93a60a56-a3c8-17da-a746-0800200c9a66","name":"Radioactivity"}},{"@type":"ImpactFactor","value":4.73E-13,"flow":{"@type":"Flow","@id":"6fae9979-43ec-4675-8714-671731b4e283","name":"Carbon-14"},"unit":{"@type":"Unit","@id":"e9773595-284e-46dd-9671-5fc9ff406833","name":"kBq"},"flowProperty":{"@type":"FlowProperty","@id":"93a60a56-a3c8-17da-a746-0800200c9a66","name":"Radioactivity"}},{"@type":"ImpactFactor","value":3.77E-14,"flow":{"@type":"Flow","@id":"ba955510-2d32-4251-bd56-0ecb4e578335","name":"Silver-110"},"unit":{"@type":"Unit","@id":"e9773595-284e-46dd-9671-5fc9ff406833","name":"kBq"},"flowProperty":{"@type":"FlowProperty","@id":"93a60a56-a3c8-17da-a746-0800200c9a66","name":"Radioactivity"}},{"@type":"ImpactFactor","value":2.96E-14,"flow":{"@type":"Flow","@id":"4f51b9de-e586-41ff-82a7-4f2523ce8b3e","name":"Manganese-54"},"unit":{"@type":"Unit","@id":"e9773595-284e-46dd-9671-5fc9ff406833","name":"kBq"},"flowProperty":{"@type":"FlowProperty","@id":"93a60a56-a3c8-17da-a746-0800200c9a66","name":"Radioactivity"}},{"@type":"ImpactFactor","value":2.79E-14,"flow":{"@type":"Flow","@id":"2e969e9b-f2e9-4fcc-8962-13a755dc8302","name":"Cobalt-58"},"unit":{"@type":"Unit","@id":"e9773595-284e-46dd-9671-5fc9ff406833","name":"kBq"},"flowProperty":{"@type":"FlowProperty","@id":"93a60a56-a3c8-17da-a746-0800200c9a66","name":"Radioactivity"}},{"@type":"ImpactFactor","value":3.08E-17,"flow":{"@type":"Flow","@id":"1d75a540-c7f2-4cae-8b02-0f0d41c0cef7","name":"Hydrogen-3, Tritium"},"unit":{"@type":"Unit","@id":"e9773595-284e-46dd-9671-5fc9ff406833","name":"kBq"},"flowProperty":{"@type":"FlowProperty","@id":"93a60a56-a3c8-17da-a746-0800200c9a66","name":"Radioactivity"}},{"@type":"ImpactFactor","value":1.65E-14,"flow":{"@type":"Flow","@id":"a9c7fd3a-6adf-41ba-a731-db8f0f2d8dcf","name":"Manganese-54"},"unit":{"@type":"Unit","@id":"e9773595-284e-46dd-9671-5fc9ff406833","name":"kBq"},"flowProperty":{"@type":"FlowProperty","@id":"93a60a56-a3c8-17da-a746-0800200c9a66","name":"Radioactivity"}},{"@type":"ImpactFactor","value":1.48E-13,"flow":{"@type":"Flow","@id":"92c58ab9-8864-45ea-86b2-00698ecc9df7","name":"Cobalt-60"},"unit":{"@type":"Unit","@id":"e9773595-284e-46dd-9671-5fc9ff406833","name":"kBq"},"flowProperty":{"@type":"FlowProperty","@id":"93a60a56-a3c8-17da-a746-0800200c9a66","name":"Radioactivity"}},{"@type":"ImpactFactor","value":3.77E-14,"flow":{"@type":"Flow","@id":"9f826bcb-5efc-4977-93f2-8415e3f957df","name":"Silver-110"},"unit":{"@type":"Unit","@id":"e9773595-284e-46dd-9671-5fc9ff406833","name":"kBq"},"flowProperty":{"@type":"FlowProperty","@id":"93a60a56-a3c8-17da-a746-0800200c9a66","name":"Radioactivity"}},{"@type":"ImpactFactor","value":1.94E-13,"flow":{"@type":"Flow","@id":"19256c0f-bea8-4e61-9499-8cc2f84953f8","name":"Carbon-14"},"unit":{"@type":"Unit","@id":"e9773595-284e-46dd-9671-5fc9ff406833","name":"kBq"},"flowProperty":{"@type":"FlowProperty","@id":"93a60a56-a3c8-17da-a746-0800200c9a66","name":"Radioactivity"}},{"@type":"ImpactFactor","value":7.12E-14,"flow":{"@type":"Flow","@id":"0b28fc38-9334-42a9-bac1-a04c2832e79d","name":"Iodine-131"},"unit":{"@type":"Unit","@id":"e9773595-284e-46dd-9671-5fc9ff406833","name":"kBq"},"flowProperty":{"@type":"FlowProperty","@id":"93a60a56-a3c8-17da-a746-0800200c9a66","name":"Radioactivity"}},{"@type":"ImpactFactor","value":1.57E-14,"flow":{"@type":"Flow","@id":"2c9e7fba-dd57-4294-8a5e-2aa489930f69","name":"Silver-110"},"unit":{"@type":"Unit","@id":"e9773595-284e-46dd-9671-5fc9ff406833","name":"kBq"},"flowProperty":{"@type":"FlowProperty","@id":"93a60a56-a3c8-17da-a746-0800200c9a66","name":"Radioactivity"}},{"@type":"ImpactFactor","value":0.0,"flow":{"@type":"Flow","@id":"58fabee9-b4b6-48ee-857a-e16ed31bb354","name":"Hydrogen-3, Tritium"},"unit":{"@type":"Unit","@id":"e9773595-284e-46dd-9671-5fc9ff406833","name":"kBq"},"flowProperty":{"@type":"FlowProperty","@id":"93a60a56-a3c8-17da-a746-0800200c9a66","name":"Radioactivity"}},{"@type":"ImpactFactor","value":1.48E-13,"flow":{"@type":"Flow","@id":"9d9bcab1-3c01-4e4b-a876-9b15c623735c","name":"Cobalt-60"},"unit":{"@type":"Unit","@id":"e9773595-284e-46dd-9671-5fc9ff406833","name":"kBq"},"flowProperty":{"@type":"FlowProperty","@id":"93a60a56-a3c8-17da-a746-0800200c9a66","name":"Radioactivity"}},{"@type":"ImpactFactor","value":1.27E-13,"flow":{"@type":"Flow","@id":"0e066010-5511-4ce5-b7ff-446e58417a65","name":"Antimony-124"},"unit":{"@type":"Unit","@id":"e9773595-284e-46dd-9671-5fc9ff406833","name":"kBq"},"flowProperty":{"@type":"FlowProperty","@id":"93a60a56-a3c8-17da-a746-0800200c9a66","name":"Radioactivity"}},{"@type":"ImpactFactor","value":3.5E-14,"flow":{"@type":"Flow","@id":"83ba2783-8da7-4333-915b-157cd3e06b0c","name":"Cobalt-58"},"unit":{"@type":"Unit","@id":"e9773595-284e-46dd-9671-5fc9ff406833","name":"kBq"},"flowProperty":{"@type":"FlowProperty","@id":"93a60a56-a3c8-17da-a746-0800200c9a66","name":"Radioactivity"}},{"@type":"ImpactFactor","value":6.17E-14,"flow":{"@type":"Flow","@id":"16e15fb4-aee8-42b8-a303-70d61a9b723a","name":"Cobalt-60"},"unit":{"@type":"Unit","@id":"e9773595-284e-46dd-9671-5fc9ff406833","name":"kBq"},"flowProperty":{"@type":"FlowProperty","@id":"93a60a56-a3c8-17da-a746-0800200c9a66","name":"Radioactivity"}},{"@type":"ImpactFactor","value":1.56E-14,"flow":{"@type":"Flow","@id":"1329e7f0-ff40-45e2-8e46-a2192b87e407","name":"Silver-110"},"unit":{"@type":"Unit","@id":"e9773595-284e-46dd-9671-5fc9ff406833","name":"kBq"},"flowProperty":{"@type":"FlowProperty","@id":"93a60a56-a3c8-17da-a746-0800200c9a66","name":"Radioactivity"}},{"@type":"ImpactFactor","value":1.48E-13,"flow":{"@type":"Flow","@id":"30af7730-01ec-4836-a207-35fcb5931737","name":"Cobalt-60"},"unit":{"@type":"Unit","@id":"e9773595-284e-46dd-9671-5fc9ff406833","name":"kBq"},"flowProperty":{"@type":"FlowProperty","@id":"93a60a56-a3c8-17da-a746-0800200c9a66","name":"Radioactivity"}},{"@type":"ImpactFactor","value":4.73E-13,"flow":{"@type":"Flow","@id":"cc6f1602-f01a-48e9-95dd-9651fbf02940","name":"Carbon-14"},"unit":{"@type":"Unit","@id":"e9773595-284e-46dd-9671-5fc9ff406833","name":"kBq"},"flowProperty":{"@type":"FlowProperty","@id":"93a60a56-a3c8-17da-a746-0800200c9a66","name":"Radioactivity"}},{"@type":"ImpactFactor","value":1.27E-13,"flow":{"@type":"Flow","@id":"077b92b0-0610-48ba-9ff8-55c13e98364b","name":"Antimony-124"},"unit":{"@type":"Unit","@id":"e9773595-284e-46dd-9671-5fc9ff406833","name":"kBq"},"flowProperty":{"@type":"FlowProperty","@id":"93a60a56-a3c8-17da-a746-0800200c9a66","name":"Radioactivity"}},{"@type":"ImpactFactor","value":1.3E-14,"flow":{"@type":"Flow","@id":"d2643677-b96c-4aec-a687-b5b2d4ba9368","name":"Manganese-54"},"unit":{"@type":"Unit","@id":"e9773595-284e-46dd-9671-5fc9ff406833","name":"kBq"},"flowProperty":{"@type":"FlowProperty","@id":"93a60a56-a3c8-17da-a746-0800200c9a66","name":"Radioactivity"}},{"@type":"ImpactFactor","value":1.55E-13,"flow":{"@type":"Flow","@id":"5be454b3-0ecc-4b73-bbca-d84e20341579","name":"Cesium-137"},"unit":{"@type":"Unit","@id":"e9773595-284e-46dd-9671-5fc9ff406833","name":"kBq"},"flowProperty":{"@type":"FlowProperty","@id":"93a60a56-a3c8-17da-a746-0800200c9a66","name":"Radioactivity"}},{"@type":"ImpactFactor","value":5.09E-14,"flow":{"@type":"Flow","@id":"8cd82962-d90f-409a-b3c1-961d5365d338","name":"Antimony-124"},"unit":{"@type":"Unit","@id":"e9773595-284e-46dd-9671-5fc9ff406833","name":"kBq"},"flowProperty":{"@type":"FlowProperty","@id":"93a60a56-a3c8-17da-a746-0800200c9a66","name":"Radioactivity"}},{"@type":"ImpactFactor","value":2.78E-13,"flow":{"@type":"Flow","@id":"751aebae-ab74-4a39-8c69-3bad4215e123","name":"Cesium-137"},"unit":{"@type":"Unit","@id":"e9773595-284e-46dd-9671-5fc9ff406833","name":"kBq"},"flowProperty":{"@type":"FlowProperty","@id":"93a60a56-a3c8-17da-a746-0800200c9a66","name":"Radioactivity"}},{"@type":"ImpactFactor","value":1.58E-17,"flow":{"@type":"Flow","@id":"57143e51-0735-4a00-908f-669824d79cce","name":"Hydrogen-3, Tritium"},"unit":{"@type":"Unit","@id":"e9773595-284e-46dd-9671-5fc9ff406833","name":"kBq"},"flowProperty":{"@type":"FlowProperty","@id":"93a60a56-a3c8-17da-a746-0800200c9a66","name":"Radioactivity"}},{"@type":"ImpactFactor","value":1.31E-14,"flow":{"@type":"Flow","@id":"28955c40-9925-47d2-9770-dc18a4bba82a","name":"Manganese-54"},"unit":{"@type":"Unit","@id":"e9773595-284e-46dd-9671-5fc9ff406833","name":"kBq"},"flowProperty":{"@type":"FlowProperty","@id":"93a60a56-a3c8-17da-a746-0800200c9a66","name":"Radioactivity"}},{"@type":"ImpactFactor","value":1.92E-13,"flow":{"@type":"Flow","@id":"93add24b-0bbf-4903-b3c1-3c695f597c63","name":"Carbon-14"},"unit":{"@type":"Unit","@id":"e9773595-284e-46dd-9671-5fc9ff406833","name":"kBq"},"flowProperty":{"@type":"FlowProperty","@id":"93a60a56-a3c8-17da-a746-0800200c9a66","name":"Radioactivity"}},{"@type":"ImpactFactor","value":1.67E-14,"flow":{"@type":"Flow","@id":"51f80fcc-8eb0-4912-afbd-e9b9861e45a4","name":"Antimony-125"},"unit":{"@type":"Unit","@id":"e9773595-284e-46dd-9671-5fc9ff406833","name":"kBq"},"flowProperty":{"@type":"FlowProperty","@id":"93a60a56-a3c8-17da-a746-0800200c9a66","name":"Radioactivity"}},{"@type":"ImpactFactor","value":1.32E-14,"flow":{"@type":"Flow","@id":"46a9723a-aca5-4b66-9367-47412ec9e3a0","name":"Manganese-54"},"unit":{"@type":"Unit","@id":"e9773595-284e-46dd-9671-5fc9ff406833","name":"kBq"},"flowProperty":{"@type":"FlowProperty","@id":"93a60a56-a3c8-17da-a746-0800200c9a66","name":"Radioactivity"}},{"@type":"ImpactFactor","value":3.08E-17,"flow":{"@type":"Flow","@id":"848a6c6a-76b7-42ad-90ce-ad2494fd5bd3","name":"Hydrogen-3, Tritium"},"unit":{"@type":"Unit","@id":"e9773595-284e-46dd-9671-5fc9ff406833","name":"kBq"},"flowProperty":{"@type":"FlowProperty","@id":"93a60a56-a3c8-17da-a746-0800200c9a66","name":"Radioactivity"}},{"@type":"ImpactFactor","value":1.22E-13,"flow":{"@type":"Flow","@id":"e62cf4c6-73a6-42b8-b0da-88aeac40e6ae","name":"Cesium-137"},"unit":{"@type":"Unit","@id":"e9773595-284e-46dd-9671-5fc9ff406833","name":"kBq"},"flowProperty":{"@type":"FlowProperty","@id":"93a60a56-a3c8-17da-a746-0800200c9a66","name":"Radioactivity"}},{"@type":"ImpactFactor","value":5.11E-14,"flow":{"@type":"Flow","@id":"7567e592-ecfa-467b-9f11-19f11786505b","name":"Antimony-124"},"unit":{"@type":"Unit","@id":"e9773595-284e-46dd-9671-5fc9ff406833","name":"kBq"},"flowProperty":{"@type":"FlowProperty","@id":"93a60a56-a3c8-17da-a746-0800200c9a66","name":"Radioactivity"}},{"@type":"ImpactFactor","value":1.27E-13,"flow":{"@type":"Flow","@id":"9ae892fd-419e-4362-84bd-4447430be0d8","name":"Antimony-124"},"unit":{"@type":"Unit","@id":"e9773595-284e-46dd-9671-5fc9ff406833","name":"kBq"},"flowProperty":{"@type":"FlowProperty","@id":"93a60a56-a3c8-17da-a746-0800200c9a66","name":"Radioactivity"}},{"@type":"ImpactFactor","value":1.66E-14,"flow":{"@type":"Flow","@id":"b2466957-a3f8-4b31-8b95-3f5e6f99b594","name":"Antimony-125"},"unit":{"@type":"Unit","@id":"e9773595-284e-46dd-9671-5fc9ff406833","name":"kBq"},"flowProperty":{"@type":"FlowProperty","@id":"93a60a56-a3c8-17da-a746-0800200c9a66","name":"Radioactivity"}},{"@type":"ImpactFactor","value":1.27E-13,"flow":{"@type":"Flow","@id":"64f81516-52e1-4ce6-a22c-84d3f7cc9a53","name":"Antimony-124"},"unit":{"@type":"Unit","@id":"e9773595-284e-46dd-9671-5fc9ff406833","name":"kBq"},"flowProperty":{"@type":"FlowProperty","@id":"93a60a56-a3c8-17da-a746-0800200c9a66","name":"Radioactivity"}},{"@type":"ImpactFactor","value":4.73E-13,"flow":{"@type":"Flow","@id":"b08bafd5-a0e3-4770-a224-1ffe46eac382","name":"Carbon-14"},"unit":{"@type":"Unit","@id":"e9773595-284e-46dd-9671-5fc9ff406833","name":"kBq"},"flowProperty":{"@type":"FlowProperty","@id":"93a60a56-a3c8-17da-a746-0800200c9a66","name":"Radioactivity"}},{"@type":"ImpactFactor","value":4.13E-14,"flow":{"@type":"Flow","@id":"10ec2732-3828-4232-914e-941c38bdd08b","name":"Antimony-125"},"unit":{"@type":"Unit","@id":"e9773595-284e-46dd-9671-5fc9ff406833","name":"kBq"},"flowProperty":{"@type":"FlowProperty","@id":"93a60a56-a3c8-17da-a746-0800200c9a66","name":"Radioactivity"}},{"@type":"ImpactFactor","value":2.77E-14,"flow":{"@type":"Flow","@id":"7ab5611b-c200-464f-8edf-b7b59ca1889d","name":"Cobalt-58"},"unit":{"@type":"Unit","@id":"e9773595-284e-46dd-9671-5fc9ff406833","name":"kBq"},"flowProperty":{"@type":"FlowProperty","@id":"93a60a56-a3c8-17da-a746-0800200c9a66","name":"Radioactivity"}},{"@type":"ImpactFactor","value":7.12E-14,"flow":{"@type":"Flow","@id":"e8f4893d-61f6-430e-a9bc-c39c6dbfdb57","name":"Iodine-131"},"unit":{"@type":"Unit","@id":"e9773595-284e-46dd-9671-5fc9ff406833","name":"kBq"},"flowProperty":{"@type":"FlowProperty","@id":"93a60a56-a3c8-17da-a746-0800200c9a66","name":"Radioactivity"}},{"@type":"ImpactFactor","value":3.08E-17,"flow":{"@type":"Flow","@id":"902b7ebc-68a8-4dd3-b67a-6087db8c0971","name":"Hydrogen-3, Tritium"},"unit":{"@type":"Unit","@id":"e9773595-284e-46dd-9671-5fc9ff406833","name":"kBq"},"flowProperty":{"@type":"FlowProperty","@id":"93a60a56-a3c8-17da-a746-0800200c9a66","name":"Radioactivity"}},{"@type":"ImpactFactor","value":2.86E-14,"flow":{"@type":"Flow","@id":"03e91172-fca0-47f3-9014-22ae3136251b","name":"Iodine-131"},"unit":{"@type":"Unit","@id":"e9773595-284e-46dd-9671-5fc9ff406833","name":"kBq"},"flowProperty":{"@type":"FlowProperty","@id":"93a60a56-a3c8-17da-a746-0800200c9a66","name":"Radioactivity"}},{"@type":"ImpactFactor","value":2.85E-14,"flow":{"@type":"Flow","@id":"551ee803-cf94-4b0a-8a99-e19378207281","name":"Iodine-131"},"unit":{"@type":"Unit","@id":"e9773595-284e-46dd-9671-5fc9ff406833","name":"kBq"},"flowProperty":{"@type":"FlowProperty","@id":"93a60a56-a3c8-17da-a746-0800200c9a66","name":"Radioactivity"}},{"@type":"ImpactFactor","value":3.4E-13,"flow":{"@type":"Flow","@id":"8c66a07d-1b6f-488f-b301-afc79b46aa76","name":"Cesium-134"},"unit":{"@type":"Unit","@id":"e9773595-284e-46dd-9671-5fc9ff406833","name":"kBq"},"flowProperty":{"@type":"FlowProperty","@id":"93a60a56-a3c8-17da-a746-0800200c9a66","name":"Radioactivity"}},{"@type":"ImpactFactor","value":0.0,"flow":{"@type":"Flow","@id":"83fa5f74-baa4-46d3-a8b4-ada4379b70a3","name":"Cobalt-60"},"unit":{"@type":"Unit","@id":"e9773595-284e-46dd-9671-5fc9ff406833","name":"kBq"},"flowProperty":{"@type":"FlowProperty","@id":"93a60a56-a3c8-17da-a746-0800200c9a66","name":"Radioactivity"}},{"@type":"ImpactFactor","value":2.78E-13,"flow":{"@type":"Flow","@id":"42901ad7-4be5-47d9-82cd-380ca34281c1","name":"Cesium-137"},"unit":{"@type":"Unit","@id":"e9773595-284e-46dd-9671-5fc9ff406833","name":"kBq"},"flowProperty":{"@type":"FlowProperty","@id":"93a60a56-a3c8-17da-a746-0800200c9a66","name":"Radioactivity"}},{"@type":"ImpactFactor","value":9.83E-14,"flow":{"@type":"Flow","@id":"70484eb1-531f-4cfc-b325-20e782343d31","name":"tellurium-123"},"unit":{"@type":"Unit","@id":"e9773595-284e-46dd-9671-5fc9ff406833","name":"kBq"},"flowProperty":{"@type":"FlowProperty","@id":"93a60a56-a3c8-17da-a746-0800200c9a66","name":"Radioactivity"}},{"@type":"ImpactFactor","value":6.66E-14,"flow":{"@type":"Flow","@id":"67438baa-f083-40f0-b251-e9ff292a788b","name":"Cobalt-58"},"unit":{"@type":"Unit","@id":"e9773595-284e-46dd-9671-5fc9ff406833","name":"kBq"},"flowProperty":{"@type":"FlowProperty","@id":"93a60a56-a3c8-17da-a746-0800200c9a66","name":"Radioactivity"}},{"@type":"ImpactFactor","value":6.66E-14,"flow":{"@type":"Flow","@id":"4a838a42-fa78-4b0a-92f9-588a3660809b","name":"Cobalt-58"},"unit":{"@type":"Unit","@id":"e9773595-284e-46dd-9671-5fc9ff406833","name":"kBq"},"flowProperty":{"@type":"FlowProperty","@id":"93a60a56-a3c8-17da-a746-0800200c9a66","name":"Radioactivity"}},{"@type":"ImpactFactor","value":1.87E-13,"flow":{"@type":"Flow","@id":"aa225655-f340-461f-910c-e0f6920385c8","name":"tellurium-123"},"unit":{"@type":"Unit","@id":"e9773595-284e-46dd-9671-5fc9ff406833","name":"kBq"},"flowProperty":{"@type":"FlowProperty","@id":"93a60a56-a3c8-17da-a746-0800200c9a66","name":"Radioactivity"}},{"@type":"ImpactFactor","value":2.79E-14,"flow":{"@type":"Flow","@id":"40526886-fcc3-4059-b025-58e254c03233","name":"Cobalt-58"},"unit":{"@type":"Unit","@id":"e9773595-284e-46dd-9671-5fc9ff406833","name":"kBq"},"flowProperty":{"@type":"FlowProperty","@id":"93a60a56-a3c8-17da-a746-0800200c9a66","name":"Radioactivity"}},{"@type":"ImpactFactor","value":1.9E-13,"flow":{"@type":"Flow","@id":"5eed3166-9f2f-414e-b565-4fbb77a0d4f0","name":"Cesium-134"},"unit":{"@type":"Unit","@id":"e9773595-284e-46dd-9671-5fc9ff406833","name":"kBq"},"flowProperty":{"@type":"FlowProperty","@id":"93a60a56-a3c8-17da-a746-0800200c9a66","name":"Radioactivity"}},{"@type":"ImpactFactor","value":7.87E-14,"flow":{"@type":"Flow","@id":"f5dd13d1-aaeb-473f-9ba1-dc3aaccdb688","name":"tellurium-123"},"unit":{"@type":"Unit","@id":"e9773595-284e-46dd-9671-5fc9ff406833","name":"kBq"},"flowProperty":{"@type":"FlowProperty","@id":"93a60a56-a3c8-17da-a746-0800200c9a66","name":"Radioactivity"}},{"@type":"ImpactFactor","value":1.27E-13,"flow":{"@type":"Flow","@id":"e26cfab3-5928-41fe-a5b7-f815af0677bc","name":"Antimony-124"},"unit":{"@type":"Unit","@id":"e9773595-284e-46dd-9671-5fc9ff406833","name":"kBq"},"flowProperty":{"@type":"FlowProperty","@id":"93a60a56-a3c8-17da-a746-0800200c9a66","name":"Radioactivity"}},{"@type":"ImpactFactor","value":2.8E-14,"flow":{"@type":"Flow","@id":"033fb239-a6c7-4486-9f92-f5a80b346778","name":"Cobalt-58"},"unit":{"@type":"Unit","@id":"e9773595-284e-46dd-9671-5fc9ff406833","name":"kBq"},"flowProperty":{"@type":"FlowProperty","@id":"93a60a56-a3c8-17da-a746-0800200c9a66","name":"Radioactivity"}},{"@type":"ImpactFactor","value":1.87E-13,"flow":{"@type":"Flow","@id":"69ca83e9-93c8-41f0-ab76-a75cb30faf6b","name":"tellurium-123"},"unit":{"@type":"Unit","@id":"e9773595-284e-46dd-9671-5fc9ff406833","name":"kBq"},"flowProperty":{"@type":"FlowProperty","@id":"93a60a56-a3c8-17da-a746-0800200c9a66","name":"Radioactivity"}},{"@type":"ImpactFactor","value":1.52E-13,"flow":{"@type":"Flow","@id":"39b3200d-f95a-413a-9c96-6d90345d9dca","name":"Cesium-134"},"unit":{"@type":"Unit","@id":"e9773595-284e-46dd-9671-5fc9ff406833","name":"kBq"},"flowProperty":{"@type":"FlowProperty","@id":"93a60a56-a3c8-17da-a746-0800200c9a66","name":"Radioactivity"}},{"@type":"ImpactFactor","value":7.12E-14,"flow":{"@type":"Flow","@id":"3ac3442a-ca4d-4b4b-a486-3584bb29f9e0","name":"Iodine-131"},"unit":{"@type":"Unit","@id":"e9773595-284e-46dd-9671-5fc9ff406833","name":"kBq"},"flowProperty":{"@type":"FlowProperty","@id":"93a60a56-a3c8-17da-a746-0800200c9a66","name":"Radioactivity"}},{"@type":"ImpactFactor","value":1.65E-14,"flow":{"@type":"Flow","@id":"33d0fe96-541c-4ac2-9dd6-51b44dc39676","name":"Antimony-125"},"unit":{"@type":"Unit","@id":"e9773595-284e-46dd-9671-5fc9ff406833","name":"kBq"},"flowProperty":{"@type":"FlowProperty","@id":"93a60a56-a3c8-17da-a746-0800200c9a66","name":"Radioactivity"}},{"@type":"ImpactFactor","value":2.85E-14,"flow":{"@type":"Flow","@id":"c317b216-2668-40f8-9e24-1ce183d53697","name":"Iodine-131"},"unit":{"@type":"Unit","@id":"e9773595-284e-46dd-9671-5fc9ff406833","name":"kBq"},"flowProperty":{"@type":"FlowProperty","@id":"93a60a56-a3c8-17da-a746-0800200c9a66","name":"Radioactivity"}},{"@type":"ImpactFactor","value":7.12E-14,"flow":{"@type":"Flow","@id":"9e2ec631-3462-4d0d-8484-5c22be880eb5","name":"Iodine-131"},"unit":{"@type":"Unit","@id":"e9773595-284e-46dd-9671-5fc9ff406833","name":"kBq"},"flowProperty":{"@type":"FlowProperty","@id":"93a60a56-a3c8-17da-a746-0800200c9a66","name":"Radioactivity"}},{"@type":"ImpactFactor","value":3.4E-13,"flow":{"@type":"Flow","@id":"fe9552bd-49c9-4e37-8c13-eeee4ddb8e34","name":"Cesium-134"},"unit":{"@type":"Unit","@id":"e9773595-284e-46dd-9671-5fc9ff406833","name":"kBq"},"flowProperty":{"@type":"FlowProperty","@id":"93a60a56-a3c8-17da-a746-0800200c9a66","name":"Radioactivity"}},{"@type":"ImpactFactor","value":5.07E-14,"flow":{"@type":"Flow","@id":"42c74b9e-fa00-4612-a3bf-4951237cba04","name":"Antimony-124"},"unit":{"@type":"Unit","@id":"e9773595-284e-46dd-9671-5fc9ff406833","name":"kBq"},"flowProperty":{"@type":"FlowProperty","@id":"93a60a56-a3c8-17da-a746-0800200c9a66","name":"Radioactivity"}},{"@type":"ImpactFactor","value":1.51E-13,"flow":{"@type":"Flow","@id":"8f2b8012-eda6-4f3f-9ae2-8ad10b5866f7","name":"Cesium-134"},"unit":{"@type":"Unit","@id":"e9773595-284e-46dd-9671-5fc9ff406833","name":"kBq"},"flowProperty":{"@type":"FlowProperty","@id":"93a60a56-a3c8-17da-a746-0800200c9a66","name":"Radioactivity"}},{"@type":"ImpactFactor","value":3.4E-13,"flow":{"@type":"Flow","@id":"8228e37e-d702-40a8-a08a-b72931815ec8","name":"Cesium-134"},"unit":{"@type":"Unit","@id":"e9773595-284e-46dd-9671-5fc9ff406833","name":"kBq"},"flowProperty":{"@type":"FlowProperty","@id":"93a60a56-a3c8-17da-a746-0800200c9a66","name":"Radioactivity"}},{"@type":"ImpactFactor","value":3.08E-17,"flow":{"@type":"Flow","@id":"3d4ce09c-f818-4710-9c0f-9734b15d7f7b","name":"Hydrogen-3, Tritium"},"unit":{"@type":"Unit","@id":"e9773595-284e-46dd-9671-5fc9ff406833","name":"kBq"},"flowProperty":{"@type":"FlowProperty","@id":"93a60a56-a3c8-17da-a746-0800200c9a66","name":"Radioactivity"}},{"@type":"ImpactFactor","value":1.48E-13,"flow":{"@type":"Flow","@id":"8d8e393e-39c4-44e1-b424-8eeefcd33560","name":"Cobalt-60"},"unit":{"@type":"Unit","@id":"e9773595-284e-46dd-9671-5fc9ff406833","name":"kBq"},"flowProperty":{"@type":"FlowProperty","@id":"93a60a56-a3c8-17da-a746-0800200c9a66","name":"Radioactivity"}},{"@type":"ImpactFactor","value":4.13E-14,"flow":{"@type":"Flow","@id":"16ff2790-3c88-4761-bb09-b91d981d2c30","name":"Antimony-125"},"unit":{"@type":"Unit","@id":"e9773595-284e-46dd-9671-5fc9ff406833","name":"kBq"},"flowProperty":{"@type":"FlowProperty","@id":"93a60a56-a3c8-17da-a746-0800200c9a66","name":"Radioactivity"}},{"@type":"ImpactFactor","value":2.78E-13,"flow":{"@type":"Flow","@id":"8bbe0b4c-5c9c-4959-a878-572f680e428d","name":"Cesium-137"},"unit":{"@type":"Unit","@id":"e9773595-284e-46dd-9671-5fc9ff406833","name":"kBq"},"flowProperty":{"@type":"FlowProperty","@id":"93a60a56-a3c8-17da-a746-0800200c9a66","name":"Radioactivity"}},{"@type":"ImpactFactor","value":7.12E-14,"flow":{"@type":"Flow","@id":"618c3a74-5b36-4d8a-b94f-26b8270448f8","name":"Iodine-131"},"unit":{"@type":"Unit","@id":"e9773595-284e-46dd-9671-5fc9ff406833","name":"kBq"},"flowProperty":{"@type":"FlowProperty","@id":"93a60a56-a3c8-17da-a746-0800200c9a66","name":"Radioactivity"}},{"@type":"ImpactFactor","value":0.0,"flow":{"@type":"Flow","@id":"232b8aaa-06a6-4940-b725-46470bc82864","name":"Antimony-124"},"unit":{"@type":"Unit","@id":"e9773595-284e-46dd-9671-5fc9ff406833","name":"kBq"},"flowProperty":{"@type":"FlowProperty","@id":"93a60a56-a3c8-17da-a746-0800200c9a66","name":"Radioactivity"}},{"@type":"ImpactFactor","value":3.08E-17,"flow":{"@type":"Flow","@id":"9be02ae0-3170-4544-8665-f03a1b43f2bd","name":"Hydrogen-3, Tritium"},"unit":{"@type":"Unit","@id":"e9773595-284e-46dd-9671-5fc9ff406833","name":"kBq"},"flowProperty":{"@type":"FlowProperty","@id":"93a60a56-a3c8-17da-a746-0800200c9a66","name":"Radioactivity"}},{"@type":"ImpactFactor","value":2.78E-13,"flow":{"@type":"Flow","@id":"6fccbcea-27bd-4368-8db2-7ce5aa3b0c80","name":"Cesium-137"},"unit":{"@type":"Unit","@id":"e9773595-284e-46dd-9671-5fc9ff406833","name":"kBq"},"flowProperty":{"@type":"FlowProperty","@id":"93a60a56-a3c8-17da-a746-0800200c9a66","name":"Radioactivity"}},{"@type":"ImpactFactor","value":3.77E-14,"flow":{"@type":"Flow","@id":"2a8ec77d-55f2-402a-bc5a-2e9162de2822","name":"Silver-110"},"unit":{"@type":"Unit","@id":"e9773595-284e-46dd-9671-5fc9ff406833","name":"kBq"},"flowProperty":{"@type":"FlowProperty","@id":"93a60a56-a3c8-17da-a746-0800200c9a66","name":"Radioactivity"}},{"@type":"ImpactFactor","value":1.48E-13,"flow":{"@type":"Flow","@id":"1984c85d-9ef9-4a86-9e4c-cf214b5c1f01","name":"Cobalt-60"},"unit":{"@type":"Unit","@id":"e9773595-284e-46dd-9671-5fc9ff406833","name":"kBq"},"flowProperty":{"@type":"FlowProperty","@id":"93a60a56-a3c8-17da-a746-0800200c9a66","name":"Radioactivity"}},{"@type":"ImpactFactor","value":4.73E-13,"flow":{"@type":"Flow","@id":"03606bd1-8f71-4667-9b93-4f5e3b28249e","name":"Carbon-14"},"unit":{"@type":"Unit","@id":"e9773595-284e-46dd-9671-5fc9ff406833","name":"kBq"},"flowProperty":{"@type":"FlowProperty","@id":"93a60a56-a3c8-17da-a746-0800200c9a66","name":"Radioactivity"}},{"@type":"ImpactFactor","value":3.4E-13,"flow":{"@type":"Flow","@id":"9add642d-b762-4051-bcbc-7d78e4221c5c","name":"Cesium-134"},"unit":{"@type":"Unit","@id":"e9773595-284e-46dd-9671-5fc9ff406833","name":"kBq"},"flowProperty":{"@type":"FlowProperty","@id":"93a60a56-a3c8-17da-a746-0800200c9a66","name":"Radioactivity"}},{"@type":"ImpactFactor","value":1.27E-13,"flow":{"@type":"Flow","@id":"0097618c-4552-42d9-b14c-00a07d78c0dc","name":"Antimony-124"},"unit":{"@type":"Unit","@id":"e9773595-284e-46dd-9671-5fc9ff406833","name":"kBq"},"flowProperty":{"@type":"FlowProperty","@id":"93a60a56-a3c8-17da-a746-0800200c9a66","name":"Radioactivity"}},{"@type":"ImpactFactor","value":6.66E-14,"flow":{"@type":"Flow","@id":"305af6f4-1a7e-487e-8479-0e37e3ec9d9e","name":"Cobalt-58"},"unit":{"@type":"Unit","@id":"e9773595-284e-46dd-9671-5fc9ff406833","name":"kBq"},"flowProperty":{"@type":"FlowProperty","@id":"93a60a56-a3c8-17da-a746-0800200c9a66","name":"Radioactivity"}},{"@type":"ImpactFactor","value":4.13E-14,"flow":{"@type":"Flow","@id":"9dc2b19d-ff8e-44d2-ae33-dc49f728235c","name":"Antimony-125"},"unit":{"@type":"Unit","@id":"e9773595-284e-46dd-9671-5fc9ff406833","name":"kBq"},"flowProperty":{"@type":"FlowProperty","@id":"93a60a56-a3c8-17da-a746-0800200c9a66","name":"Radioactivity"}},{"@type":"ImpactFactor","value":6.66E-14,"flow":{"@type":"Flow","@id":"5dc7336c-fdc3-4916-bf4c-e0e7cabbe281","name":"Cobalt-58"},"unit":{"@type":"Unit","@id":"e9773595-284e-46dd-9671-5fc9ff406833","name":"kBq"},"flowProperty":{"@type":"FlowProperty","@id":"93a60a56-a3c8-17da-a746-0800200c9a66","name":"Radioactivity"}},{"@type":"ImpactFactor","value":2.78E-13,"flow":{"@type":"Flow","@id":"0c5de0d2-eb1e-4afe-a8de-b600d899516f","name":"Cesium-137"},"unit":{"@type":"Unit","@id":"e9773595-284e-46dd-9671-5fc9ff406833","name":"kBq"},"flowProperty":{"@type":"FlowProperty","@id":"93a60a56-a3c8-17da-a746-0800200c9a66","name":"Radioactivity"}},{"@type":"ImpactFactor","value":1.93E-13,"flow":{"@type":"Flow","@id":"284a896f-2aca-496e-9ab2-845525fbbc53","name":"Carbon-14"},"unit":{"@type":"Unit","@id":"e9773595-284e-46dd-9671-5fc9ff406833","name":"kBq"},"flowProperty":{"@type":"FlowProperty","@id":"93a60a56-a3c8-17da-a746-0800200c9a66","name":"Radioactivity"}},{"@type":"ImpactFactor","value":3.4E-13,"flow":{"@type":"Flow","@id":"e651d762-8bf6-45a3-ba3c-33e1539f714f","name":"Cesium-134"},"unit":{"@type":"Unit","@id":"e9773595-284e-46dd-9671-5fc9ff406833","name":"kBq"},"flowProperty":{"@type":"FlowProperty","@id":"93a60a56-a3c8-17da-a746-0800200c9a66","name":"Radioactivity"}},{"@type":"ImpactFactor","value":2.78E-13,"flow":{"@type":"Flow","@id":"7ac9850e-54f1-4e3b-a677-1f4580f02eb8","name":"Cesium-137"},"unit":{"@type":"Unit","@id":"e9773595-284e-46dd-9671-5fc9ff406833","name":"kBq"},"flowProperty":{"@type":"FlowProperty","@id":"93a60a56-a3c8-17da-a746-0800200c9a66","name":"Radioactivity"}},{"@type":"ImpactFactor","value":3.56E-14,"flow":{"@type":"Flow","@id":"fc62cf26-9d2b-43da-a8b3-93f25df114bb","name":"Iodine-131"},"unit":{"@type":"Unit","@id":"e9773595-284e-46dd-9671-5fc9ff406833","name":"kBq"},"flowProperty":{"@type":"FlowProperty","@id":"93a60a56-a3c8-17da-a746-0800200c9a66","name":"Radioactivity"}},{"@type":"ImpactFactor","value":3.08E-17,"flow":{"@type":"Flow","@id":"dddafc30-7a1e-4ab1-ad0d-0a1df4f82af7","name":"Hydrogen-3, Tritium"},"unit":{"@type":"Unit","@id":"e9773595-284e-46dd-9671-5fc9ff406833","name":"kBq"},"flowProperty":{"@type":"FlowProperty","@id":"93a60a56-a3c8-17da-a746-0800200c9a66","name":"Radioactivity"}},{"@type":"ImpactFactor","value":1.5E-13,"flow":{"@type":"Flow","@id":"4233a269-e2a4-4029-b8d5-60be44815587","name":"Cesium-134"},"unit":{"@type":"Unit","@id":"e9773595-284e-46dd-9671-5fc9ff406833","name":"kBq"},"flowProperty":{"@type":"FlowProperty","@id":"93a60a56-a3c8-17da-a746-0800200c9a66","name":"Radioactivity"}},{"@type":"ImpactFactor","value":1.23E-13,"flow":{"@type":"Flow","@id":"7b87ce50-ede0-40fa-a3ee-5f72553af0e7","name":"Cesium-137"},"unit":{"@type":"Unit","@id":"e9773595-284e-46dd-9671-5fc9ff406833","name":"kBq"},"flowProperty":{"@type":"FlowProperty","@id":"93a60a56-a3c8-17da-a746-0800200c9a66","name":"Radioactivity"}},{"@type":"ImpactFactor","value":2.96E-14,"flow":{"@type":"Flow","@id":"a04ea618-06a0-45b4-b116-a49603ba70ea","name":"Manganese-54"},"unit":{"@type":"Unit","@id":"e9773595-284e-46dd-9671-5fc9ff406833","name":"kBq"},"flowProperty":{"@type":"FlowProperty","@id":"93a60a56-a3c8-17da-a746-0800200c9a66","name":"Radioactivity"}},{"@type":"ImpactFactor","value":3.77E-14,"flow":{"@type":"Flow","@id":"d37e6d71-525f-441d-9de2-7dc91aac81d7","name":"Silver-110"},"unit":{"@type":"Unit","@id":"e9773595-284e-46dd-9671-5fc9ff406833","name":"kBq"},"flowProperty":{"@type":"FlowProperty","@id":"93a60a56-a3c8-17da-a746-0800200c9a66","name":"Radioactivity"}},{"@type":"ImpactFactor","value":4.13E-14,"flow":{"@type":"Flow","@id":"427f852c-2866-4c4b-a792-98b44a6f1c3e","name":"Antimony-125"},"unit":{"@type":"Unit","@id":"e9773595-284e-46dd-9671-5fc9ff406833","name":"kBq"},"flowProperty":{"@type":"FlowProperty","@id":"93a60a56-a3c8-17da-a746-0800200c9a66","name":"Radioactivity"}},{"@type":"ImpactFactor","value":4.13E-14,"flow":{"@type":"Flow","@id":"01f511e2-7030-45f0-abb7-c24a4fae698b","name":"Antimony-125"},"unit":{"@type":"Unit","@id":"e9773595-284e-46dd-9671-5fc9ff406833","name":"kBq"},"flowProperty":{"@type":"FlowProperty","@id":"93a60a56-a3c8-17da-a746-0800200c9a66","name":"Radioactivity"}},{"@type":"ImpactFactor","value":3.4E-13,"flow":{"@type":"Flow","@id":"5a4c8a8a-fda3-44b3-b4d5-52a635f10e50","name":"Cesium-134"},"unit":{"@type":"Unit","@id":"e9773595-284e-46dd-9671-5fc9ff406833","name":"kBq"},"flowProperty":{"@type":"FlowProperty","@id":"93a60a56-a3c8-17da-a746-0800200c9a66","name":"Radioactivity"}},{"@type":"ImpactFactor","value":6.66E-14,"flow":{"@type":"Flow","@id":"f7fc4f19-e01f-4909-aab5-f7612354e7a0","name":"Cobalt-58"},"unit":{"@type":"Unit","@id":"e9773595-284e-46dd-9671-5fc9ff406833","name":"kBq"},"flowProperty":{"@type":"FlowProperty","@id":"93a60a56-a3c8-17da-a746-0800200c9a66","name":"Radioactivity"}},{"@type":"ImpactFactor","value":1.66E-14,"flow":{"@type":"Flow","@id":"9314fbdb-a2c7-466b-bb6c-61c89f09df51","name":"Antimony-125"},"unit":{"@type":"Unit","@id":"e9773595-284e-46dd-9671-5fc9ff406833","name":"kBq"},"flowProperty":{"@type":"FlowProperty","@id":"93a60a56-a3c8-17da-a746-0800200c9a66","name":"Radioactivity"}},{"@type":"ImpactFactor","value":4.73E-13,"flow":{"@type":"Flow","@id":"90975fe0-331c-4125-8881-2a454ad79542","name":"Carbon-14"},"unit":{"@type":"Unit","@id":"e9773595-284e-46dd-9671-5fc9ff406833","name":"kBq"},"flowProperty":{"@type":"FlowProperty","@id":"93a60a56-a3c8-17da-a746-0800200c9a66","name":"Radioactivity"}},{"@type":"ImpactFactor","value":1.51E-13,"flow":{"@type":"Flow","@id":"4f2051b8-22e6-4592-8803-1e984f8fa61b","name":"Cesium-134"},"unit":{"@type":"Unit","@id":"e9773595-284e-46dd-9671-5fc9ff406833","name":"kBq"},"flowProperty":{"@type":"FlowProperty","@id":"93a60a56-a3c8-17da-a746-0800200c9a66","name":"Radioactivity"}},{"@type":"ImpactFactor","value":6.66E-14,"flow":{"@type":"Flow","@id":"336b3038-d763-4de7-a4b2-c047728e346c","name":"Cobalt-58"},"unit":{"@type":"Unit","@id":"e9773595-284e-46dd-9671-5fc9ff406833","name":"kBq"},"flowProperty":{"@type":"FlowProperty","@id":"93a60a56-a3c8-17da-a746-0800200c9a66","name":"Radioactivity"}},{"@type":"ImpactFactor","value":1.48E-13,"flow":{"@type":"Flow","@id":"0fc1db69-f50d-4a88-b9d8-1446e691063c","name":"Cobalt-60"},"unit":{"@type":"Unit","@id":"e9773595-284e-46dd-9671-5fc9ff406833","name":"kBq"},"flowProperty":{"@type":"FlowProperty","@id":"93a60a56-a3c8-17da-a746-0800200c9a66","name":"Radioactivity"}},{"@type":"ImpactFactor","value":5.09E-14,"flow":{"@type":"Flow","@id":"f7236656-9c75-47c1-8435-26283fd5d58b","name":"Antimony-124"},"unit":{"@type":"Unit","@id":"e9773595-284e-46dd-9671-5fc9ff406833","name":"kBq"},"flowProperty":{"@type":"FlowProperty","@id":"93a60a56-a3c8-17da-a746-0800200c9a66","name":"Radioactivity"}},{"@type":"ImpactFactor","value":6.2E-14,"flow":{"@type":"Flow","@id":"b4024357-ed17-4b19-9382-91815e67f62b","name":"Cobalt-60"},"unit":{"@type":"Unit","@id":"e9773595-284e-46dd-9671-5fc9ff406833","name":"kBq"},"flowProperty":{"@type":"FlowProperty","@id":"93a60a56-a3c8-17da-a746-0800200c9a66","name":"Radioactivity"}},{"@type":"ImpactFactor","value":1.48E-13,"flow":{"@type":"Flow","@id":"2b1eee93-0c3c-4e79-8a03-590ccf60a063","name":"Cobalt-60"},"unit":{"@type":"Unit","@id":"e9773595-284e-46dd-9671-5fc9ff406833","name":"kBq"},"flowProperty":{"@type":"FlowProperty","@id":"93a60a56-a3c8-17da-a746-0800200c9a66","name":"Radioactivity"}},{"@type":"ImpactFactor","value":1.26E-17,"flow":{"@type":"Flow","@id":"22043b06-1981-45a5-bfbb-20ae6f253191","name":"Hydrogen-3, Tritium"},"unit":{"@type":"Unit","@id":"e9773595-284e-46dd-9671-5fc9ff406833","name":"kBq"},"flowProperty":{"@type":"FlowProperty","@id":"93a60a56-a3c8-17da-a746-0800200c9a66","name":"Radioactivity"}},{"@type":"ImpactFactor","value":1.56E-14,"flow":{"@type":"Flow","@id":"87e68018-eac4-4935-9d0b-a61d4be6f147","name":"Silver-110"},"unit":{"@type":"Unit","@id":"e9773595-284e-46dd-9671-5fc9ff406833","name":"kBq"},"flowProperty":{"@type":"FlowProperty","@id":"93a60a56-a3c8-17da-a746-0800200c9a66","name":"Radioactivity"}},{"@type":"ImpactFactor","value":2.78E-13,"flow":{"@type":"Flow","@id":"04d64aaa-b414-4dea-bf43-78b8b68a1894","name":"Cesium-137"},"unit":{"@type":"Unit","@id":"e9773595-284e-46dd-9671-5fc9ff406833","name":"kBq"},"flowProperty":{"@type":"FlowProperty","@id":"93a60a56-a3c8-17da-a746-0800200c9a66","name":"Radioactivity"}},{"@type":"ImpactFactor","value":3.77E-14,"flow":{"@type":"Flow","@id":"c62c75a7-339e-4133-9b89-ef46aa607f2a","name":"Silver-110"},"unit":{"@type":"Unit","@id":"e9773595-284e-46dd-9671-5fc9ff406833","name":"kBq"},"flowProperty":{"@type":"FlowProperty","@id":"93a60a56-a3c8-17da-a746-0800200c9a66","name":"Radioactivity"}},{"@type":"ImpactFactor","value":1.25E-17,"flow":{"@type":"Flow","@id":"b772118d-cb3e-4330-aa01-317b04703cb2","name":"Hydrogen-3, Tritium"},"unit":{"@type":"Unit","@id":"e9773595-284e-46dd-9671-5fc9ff406833","name":"kBq"},"flowProperty":{"@type":"FlowProperty","@id":"93a60a56-a3c8-17da-a746-0800200c9a66","name":"Radioactivity"}},{"@type":"ImpactFactor","value":2.42E-13,"flow":{"@type":"Flow","@id":"85ba2834-3c33-41d1-bedc-0a62fa09bcf7","name":"Carbon-14"},"unit":{"@type":"Unit","@id":"e9773595-284e-46dd-9671-5fc9ff406833","name":"kBq"},"flowProperty":{"@type":"FlowProperty","@id":"93a60a56-a3c8-17da-a746-0800200c9a66","name":"Radioactivity"}},{"@type":"ImpactFactor","value":2.78E-13,"flow":{"@type":"Flow","@id":"0ac31b4a-b16d-40c8-928f-cdb8053d988f","name":"Cesium-137"},"unit":{"@type":"Unit","@id":"e9773595-284e-46dd-9671-5fc9ff406833","name":"kBq"},"flowProperty":{"@type":"FlowProperty","@id":"93a60a56-a3c8-17da-a746-0800200c9a66","name":"Radioactivity"}},{"@type":"ImpactFactor","value":1.27E-13,"flow":{"@type":"Flow","@id":"09bdb17a-1ba0-4116-b2c1-969c093799b8","name":"Antimony-124"},"unit":{"@type":"Unit","@id":"e9773595-284e-46dd-9671-5fc9ff406833","name":"kBq"},"flowProperty":{"@type":"FlowProperty","@id":"93a60a56-a3c8-17da-a746-0800200c9a66","name":"Radioactivity"}},{"@type":"ImpactFactor","value":6.66E-14,"flow":{"@type":"Flow","@id":"c05a4d81-570d-4393-8dc7-f0fdf06094a0","name":"Cobalt-58"},"unit":{"@type":"Unit","@id":"e9773595-284e-46dd-9671-5fc9ff406833","name":"kBq"},"flowProperty":{"@type":"FlowProperty","@id":"93a60a56-a3c8-17da-a746-0800200c9a66","name":"Radioactivity"}},{"@type":"ImpactFactor","value":6.66E-14,"flow":{"@type":"Flow","@id":"4bd82b24-9226-4ee0-a812-a3b9247334f3","name":"Cobalt-58"},"unit":{"@type":"Unit","@id":"e9773595-284e-46dd-9671-5fc9ff406833","name":"kBq"},"flowProperty":{"@type":"FlowProperty","@id":"93a60a56-a3c8-17da-a746-0800200c9a66","name":"Radioactivity"}},{"@type":"ImpactFactor","value":2.96E-14,"flow":{"@type":"Flow","@id":"16a6b0a2-16f4-4706-a75a-20e08e41f46e","name":"Manganese-54"},"unit":{"@type":"Unit","@id":"e9773595-284e-46dd-9671-5fc9ff406833","name":"kBq"},"flowProperty":{"@type":"FlowProperty","@id":"93a60a56-a3c8-17da-a746-0800200c9a66","name":"Radioactivity"}},{"@type":"ImpactFactor","value":4.13E-14,"flow":{"@type":"Flow","@id":"a9141288-0e08-4e15-92c7-3617251c64aa","name":"Antimony-125"},"unit":{"@type":"Unit","@id":"e9773595-284e-46dd-9671-5fc9ff406833","name":"kBq"},"flowProperty":{"@type":"FlowProperty","@id":"93a60a56-a3c8-17da-a746-0800200c9a66","name":"Radioactivity"}},{"@type":"ImpactFactor","value":2.96E-14,"flow":{"@type":"Flow","@id":"9a12a4c4-c03e-43fb-a448-4d911f539e64","name":"Manganese-54"},"unit":{"@type":"Unit","@id":"e9773595-284e-46dd-9671-5fc9ff406833","name":"kBq"},"flowProperty":{"@type":"FlowProperty","@id":"93a60a56-a3c8-17da-a746-0800200c9a66","name":"Radioactivity"}},{"@type":"ImpactFactor","value":2.83E-14,"flow":{"@type":"Flow","@id":"ddb14297-53e4-44c2-907c-47b27074ecaf","name":"Iodine-131"},"unit":{"@type":"Unit","@id":"e9773595-284e-46dd-9671-5fc9ff406833","name":"kBq"},"flowProperty":{"@type":"FlowProperty","@id":"93a60a56-a3c8-17da-a746-0800200c9a66","name":"Radioactivity"}},{"@type":"ImpactFactor","value":3.77E-14,"flow":{"@type":"Flow","@id":"67c19573-200d-4457-aa4c-decd78a02ffb","name":"Silver-110"},"unit":{"@type":"Unit","@id":"e9773595-284e-46dd-9671-5fc9ff406833","name":"kBq"},"flowProperty":{"@type":"FlowProperty","@id":"93a60a56-a3c8-17da-a746-0800200c9a66","name":"Radioactivity"}},{"@type":"ImpactFactor","value":5.09E-14,"flow":{"@type":"Flow","@id":"6cf5c7e9-f3c2-4185-82bb-b5a1278651da","name":"Antimony-124"},"unit":{"@type":"Unit","@id":"e9773595-284e-46dd-9671-5fc9ff406833","name":"kBq"},"flowProperty":{"@type":"FlowProperty","@id":"93a60a56-a3c8-17da-a746-0800200c9a66","name":"Radioactivity"}},{"@type":"ImpactFactor","value":6.37E-14,"flow":{"@type":"Flow","@id":"0ca60abc-2853-4cac-977f-2709702658bd","name":"Antimony-124"},"unit":{"@type":"Unit","@id":"e9773595-284e-46dd-9671-5fc9ff406833","name":"kBq"},"flowProperty":{"@type":"FlowProperty","@id":"93a60a56-a3c8-17da-a746-0800200c9a66","name":"Radioactivity"}},{"@type":"ImpactFactor","value":1.26E-17,"flow":{"@type":"Flow","@id":"bf75c125-b39c-49d3-b06e-83153db03bd8","name":"Hydrogen-3, Tritium"},"unit":{"@type":"Unit","@id":"e9773595-284e-46dd-9671-5fc9ff406833","name":"kBq"},"flowProperty":{"@type":"FlowProperty","@id":"93a60a56-a3c8-17da-a746-0800200c9a66","name":"Radioactivity"}},{"@type":"ImpactFactor","value":4.73E-13,"flow":{"@type":"Flow","@id":"8c869ccc-3964-40be-9217-8c6aae5f8963","name":"Carbon-14"},"unit":{"@type":"Unit","@id":"e9773595-284e-46dd-9671-5fc9ff406833","name":"kBq"},"flowProperty":{"@type":"FlowProperty","@id":"93a60a56-a3c8-17da-a746-0800200c9a66","name":"Radioactivity"}},{"@type":"ImpactFactor","value":1.23E-13,"flow":{"@type":"Flow","@id":"62b1a76d-22be-4076-ab47-58597e621ea3","name":"Cesium-137"},"unit":{"@type":"Unit","@id":"e9773595-284e-46dd-9671-5fc9ff406833","name":"kBq"},"flowProperty":{"@type":"FlowProperty","@id":"93a60a56-a3c8-17da-a746-0800200c9a66","name":"Radioactivity"}},{"@type":"ImpactFactor","value":2.96E-14,"flow":{"@type":"Flow","@id":"e1167a49-0a2d-4c7e-a089-645eed790566","name":"Manganese-54"},"unit":{"@type":"Unit","@id":"e9773595-284e-46dd-9671-5fc9ff406833","name":"kBq"},"flowProperty":{"@type":"FlowProperty","@id":"93a60a56-a3c8-17da-a746-0800200c9a66","name":"Radioactivity"}},{"@type":"ImpactFactor","value":0.0,"flow":{"@type":"Flow","@id":"0c1f1396-1b8f-4958-858c-1fde3a746125","name":"Silver-110"},"unit":{"@type":"Unit","@id":"e9773595-284e-46dd-9671-5fc9ff406833","name":"kBq"},"flowProperty":{"@type":"FlowProperty","@id":"93a60a56-a3c8-17da-a746-0800200c9a66","name":"Radioactivity"}},{"@type":"ImpactFactor","value":6.66E-14,"flow":{"@type":"Flow","@id":"fd9eef90-dfbd-4d17-a0e3-927e5c2a6030","name":"Cobalt-58"},"unit":{"@type":"Unit","@id":"e9773595-284e-46dd-9671-5fc9ff406833","name":"kBq"},"flowProperty":{"@type":"FlowProperty","@id":"93a60a56-a3c8-17da-a746-0800200c9a66","name":"Radioactivity"}},{"@type":"ImpactFactor","value":7.12E-14,"flow":{"@type":"Flow","@id":"25403b99-fe84-4d9f-ada1-c089a71756e7","name":"Iodine-131"},"unit":{"@type":"Unit","@id":"e9773595-284e-46dd-9671-5fc9ff406833","name":"kBq"},"flowProperty":{"@type":"FlowProperty","@id":"93a60a56-a3c8-17da-a746-0800200c9a66","name":"Radioactivity"}},{"@type":"ImpactFactor","value":1.51E-13,"flow":{"@type":"Flow","@id":"7e4fad26-2081-4b55-8acc-974dafafeed8","name":"Cesium-134"},"unit":{"@type":"Unit","@id":"e9773595-284e-46dd-9671-5fc9ff406833","name":"kBq"},"flowProperty":{"@type":"FlowProperty","@id":"93a60a56-a3c8-17da-a746-0800200c9a66","name":"Radioactivity"}},{"@type":"ImpactFactor","value":1.23E-13,"flow":{"@type":"Flow","@id":"3a08acee-6c03-4335-b14f-4b51a2945a6f","name":"Cesium-137"},"unit":{"@type":"Unit","@id":"e9773595-284e-46dd-9671-5fc9ff406833","name":"kBq"},"flowProperty":{"@type":"FlowProperty","@id":"93a60a56-a3c8-17da-a746-0800200c9a66","name":"Radioactivity"}},{"@type":"ImpactFactor","value":6.66E-14,"flow":{"@type":"Flow","@id":"1ce083b8-b4d9-48d5-bd1a-708f3400de0b","name":"Cobalt-58"},"unit":{"@type":"Unit","@id":"e9773595-284e-46dd-9671-5fc9ff406833","name":"kBq"},"flowProperty":{"@type":"FlowProperty","@id":"93a60a56-a3c8-17da-a746-0800200c9a66","name":"Radioactivity"}},{"@type":"ImpactFactor","value":1.93E-13,"flow":{"@type":"Flow","@id":"6e7276bb-64f5-4421-8696-b0103b687ddd","name":"Carbon-14"},"unit":{"@type":"Unit","@id":"e9773595-284e-46dd-9671-5fc9ff406833","name":"kBq"},"flowProperty":{"@type":"FlowProperty","@id":"93a60a56-a3c8-17da-a746-0800200c9a66","name":"Radioactivity"}},{"@type":"ImpactFactor","value":4.73E-13,"flow":{"@type":"Flow","@id":"ba9971e7-1210-4215-ae3a-5c67e0949848","name":"Carbon-14"},"unit":{"@type":"Unit","@id":"e9773595-284e-46dd-9671-5fc9ff406833","name":"kBq"},"flowProperty":{"@type":"FlowProperty","@id":"93a60a56-a3c8-17da-a746-0800200c9a66","name":"Radioactivity"}},{"@type":"ImpactFactor","value":1.48E-13,"flow":{"@type":"Flow","@id":"14cf8478-945a-47c6-91b2-f1f8293549b2","name":"Cobalt-60"},"unit":{"@type":"Unit","@id":"e9773595-284e-46dd-9671-5fc9ff406833","name":"kBq"},"flowProperty":{"@type":"FlowProperty","@id":"93a60a56-a3c8-17da-a746-0800200c9a66","name":"Radioactivity"}},{"@type":"ImpactFactor","value":2.96E-14,"flow":{"@type":"Flow","@id":"aabd6cc5-202b-441b-9cfe-38001b93a65e","name":"Manganese-54"},"unit":{"@type":"Unit","@id":"e9773595-284e-46dd-9671-5fc9ff406833","name":"kBq"},"flowProperty":{"@type":"FlowProperty","@id":"93a60a56-a3c8-17da-a746-0800200c9a66","name":"Radioactivity"}},{"@type":"ImpactFactor","value":3.08E-17,"flow":{"@type":"Flow","@id":"4075139e-3311-401a-b98c-e83f203063da","name":"Hydrogen-3, Tritium"},"unit":{"@type":"Unit","@id":"e9773595-284e-46dd-9671-5fc9ff406833","name":"kBq"},"flowProperty":{"@type":"FlowProperty","@id":"93a60a56-a3c8-17da-a746-0800200c9a66","name":"Radioactivity"}},{"@type":"ImpactFactor","value":1.26E-17,"flow":{"@type":"Flow","@id":"b082e84d-001a-4154-be49-5851cfa68ddf","name":"Hydrogen-3, Tritium"},"unit":{"@type":"Unit","@id":"e9773595-284e-46dd-9671-5fc9ff406833","name":"kBq"},"flowProperty":{"@type":"FlowProperty","@id":"93a60a56-a3c8-17da-a746-0800200c9a66","name":"Radioactivity"}},{"@type":"ImpactFactor","value":1.66E-14,"flow":{"@type":"Flow","@id":"ffe3e89e-e0c1-4665-a6e5-2404c131fe32","name":"Antimony-125"},"unit":{"@type":"Unit","@id":"e9773595-284e-46dd-9671-5fc9ff406833","name":"kBq"},"flowProperty":{"@type":"FlowProperty","@id":"93a60a56-a3c8-17da-a746-0800200c9a66","name":"Radioactivity"}},{"@type":"ImpactFactor","value":2.78E-13,"flow":{"@type":"Flow","@id":"c9358839-d438-4404-a244-ad4666250ee6","name":"Cesium-137"},"unit":{"@type":"Unit","@id":"e9773595-284e-46dd-9671-5fc9ff406833","name":"kBq"},"flowProperty":{"@type":"FlowProperty","@id":"93a60a56-a3c8-17da-a746-0800200c9a66","name":"Radioactivity"}},{"@type":"ImpactFactor","value":4.73E-13,"flow":{"@type":"Flow","@id":"1489fa29-476c-404a-95d9-9d2e3fa434da","name":"Carbon-14"},"unit":{"@type":"Unit","@id":"e9773595-284e-46dd-9671-5fc9ff406833","name":"kBq"},"flowProperty":{"@type":"FlowProperty","@id":"93a60a56-a3c8-17da-a746-0800200c9a66","name":"Radioactivity"}},{"@type":"ImpactFactor","value":2.08E-14,"flow":{"@type":"Flow","@id":"e1378e36-89ae-48ba-8f7c-8f2aa854649a","name":"Antimony-125"},"unit":{"@type":"Unit","@id":"e9773595-284e-46dd-9671-5fc9ff406833","name":"kBq"},"flowProperty":{"@type":"FlowProperty","@id":"93a60a56-a3c8-17da-a746-0800200c9a66","name":"Radioactivity"}},{"@type":"ImpactFactor","value":1.48E-13,"flow":{"@type":"Flow","@id":"204b7848-3d6c-4a5a-b02b-084e8ab6ab22","name":"Cobalt-60"},"unit":{"@type":"Unit","@id":"e9773595-284e-46dd-9671-5fc9ff406833","name":"kBq"},"flowProperty":{"@type":"FlowProperty","@id":"93a60a56-a3c8-17da-a746-0800200c9a66","name":"Radioactivity"}},{"@type":"ImpactFactor","value":4.13E-14,"flow":{"@type":"Flow","@id":"fa194dc5-ad5d-4c1e-a8f4-9fedba38fe8d","name":"Antimony-125"},"unit":{"@type":"Unit","@id":"e9773595-284e-46dd-9671-5fc9ff406833","name":"kBq"},"flowProperty":{"@type":"FlowProperty","@id":"93a60a56-a3c8-17da-a746-0800200c9a66","name":"Radioactivity"}},{"@type":"ImpactFactor","value":3.4E-13,"flow":{"@type":"Flow","@id":"23367e14-798c-401e-864b-e21b6ab6cd81","name":"Cesium-134"},"unit":{"@type":"Unit","@id":"e9773595-284e-46dd-9671-5fc9ff406833","name":"kBq"},"flowProperty":{"@type":"FlowProperty","@id":"93a60a56-a3c8-17da-a746-0800200c9a66","name":"Radioactivity"}},{"@type":"ImpactFactor","value":3.08E-17,"flow":{"@type":"Flow","@id":"134ec0d7-3701-473c-a1a1-1982fd48ef4d","name":"Hydrogen-3, Tritium"},"unit":{"@type":"Unit","@id":"e9773595-284e-46dd-9671-5fc9ff406833","name":"kBq"},"flowProperty":{"@type":"FlowProperty","@id":"93a60a56-a3c8-17da-a746-0800200c9a66","name":"Radioactivity"}}]}