{"@context":"http://greendelta.github.io/olca-schema/context.jsonld","@type":"Flow","@id":"0097618c-4552-42d9-b14c-00a07d78c0dc","name":"Antimony-124","version":"00.00.000","category":{"@type":"Category","@id":"9bd86b94-a190-33bb-83ba-bc8fad84acd4","name":"fossil-"},"flowType":"ELEMENTARY_FLOW","cas":"014683-10-4","formula":"Sb-124","infrastructureFlow":false,"flowProperties":[{"@type":"FlowPropertyFactor","referenceFlowProperty":true,"flowProperty":{"@type":"FlowProperty","@id":"93a60a56-a3c8-17da-a746-0800200c9a66","name":"Radioactivity"},"conversionFactor":1.0}]}