{"@context":"http://greendelta.github.io/olca-schema/context.jsonld","@type":"Flow","@id":"032f324c-555e-450f-bc87-f012497f0e19","name":"Propane, 1,1,2,2,3-pentafluoro-, HFC-245ca","version":"00.00.000","category":{"@type":"Category","@id":"52d41f57-0e7d-35cf-b4ea-7c9d6c2f9c28","name":"low population density"},"flowType":"ELEMENTARY_FLOW","cas":"000679-86-7","infrastructureFlow":false,"flowProperties":[{"@type":"FlowPropertyFactor","referenceFlowProperty":true,"flowProperty":{"@type":"FlowProperty","@id":"93a60a56-a3c8-11da-a746-0800200b9a66","name":"Mass"},"conversionFactor":1.0}]}