{"@context":"http://greendelta.github.io/olca-schema/context.jsonld","@type":"Flow","@id":"04a6edb8-624a-484e-8f85-d771657adae7","name":"Methane, dichlorofluoro-, HCFC-21","version":"00.00.000","category":{"@type":"Category","@id":"5ee13ccb-a299-3d36-8d7e-be8281e8891a","name":"unspecified"},"flowType":"ELEMENTARY_FLOW","cas":"000075-43-4","formula":"CHCl2F","infrastructureFlow":false,"flowProperties":[{"@type":"FlowPropertyFactor","referenceFlowProperty":true,"flowProperty":{"@type":"FlowProperty","@id":"93a60a56-a3c8-11da-a746-0800200b9a66","name":"Mass"},"conversionFactor":1.0}]}