{"@context":"http://greendelta.github.io/olca-schema/context.jsonld","@type":"Flow","@id":"050da0cd-2957-45a9-ae7a-ace372083fe5","name":"Ethane, 2,2-dichloro-1,1,1-trifluoro-, HCFC-123","version":"00.00.000","category":{"@type":"Category","@id":"5ee13ccb-a299-3d36-8d7e-be8281e8891a","name":"unspecified"},"flowType":"ELEMENTARY_FLOW","cas":"000306-83-2","formula":"C2HCl2F3","infrastructureFlow":false,"flowProperties":[{"@type":"FlowPropertyFactor","referenceFlowProperty":true,"flowProperty":{"@type":"FlowProperty","@id":"93a60a56-a3c8-11da-a746-0800200b9a66","name":"Mass"},"conversionFactor":1.0}]}