{"@context":"http://greendelta.github.io/olca-schema/context.jsonld","@type":"Flow","@id":"051aaf7a-6c1a-4e86-999f-85d5f0830df6","name":"Particulates, \u003c 2.5 um","version":"00.00.000","category":{"@type":"Category","@id":"bba51547-77d9-3c3a-a99b-19a89cabe6fc","name":"low population density, long-term"},"flowType":"ELEMENTARY_FLOW","formula":"PM2.5","infrastructureFlow":false,"flowProperties":[{"@type":"FlowPropertyFactor","referenceFlowProperty":true,"flowProperty":{"@type":"FlowProperty","@id":"93a60a56-a3c8-11da-a746-0800200b9a66","name":"Mass"},"conversionFactor":1.0}]}