{"@context":"http://greendelta.github.io/olca-schema/context.jsonld","@type":"Flow","@id":"06a4fedf-dab4-4ef1-90df-1d0ce8fe6477","name":"Methane, bromochlorodifluoro-, Halon 1211","version":"00.00.000","category":{"@type":"Category","@id":"bba51547-77d9-3c3a-a99b-19a89cabe6fc","name":"low population density, long-term"},"flowType":"ELEMENTARY_FLOW","cas":"000353-59-3","formula":"CBrClF2","infrastructureFlow":false,"flowProperties":[{"@type":"FlowPropertyFactor","referenceFlowProperty":true,"flowProperty":{"@type":"FlowProperty","@id":"93a60a56-a3c8-11da-a746-0800200b9a66","name":"Mass"},"conversionFactor":1.0}]}