{"@context":"http://greendelta.github.io/olca-schema/context.jsonld","@type":"Flow","@id":"08301854-0e55-4d15-a1ba-2f84b7e3468a","name":"Carbon monoxide, from soil or biomass stock","version":"00.00.000","category":{"@type":"Category","@id":"52d41f57-0e7d-35cf-b4ea-7c9d6c2f9c28","name":"low population density"},"flowType":"ELEMENTARY_FLOW","infrastructureFlow":false,"flowProperties":[{"@type":"FlowPropertyFactor","referenceFlowProperty":true,"flowProperty":{"@type":"FlowProperty","@id":"93a60a56-a3c8-11da-a746-0800200b9a66","name":"Mass"},"conversionFactor":1.0}]}