{"@context":"http://greendelta.github.io/olca-schema/context.jsonld","@type":"Flow","@id":"0bf92802-8b5e-43f5-a261-95c06bd5c551","name":"Ethane, 2-chloro-1,1,1,2-tetrafluoro-, HCFC-124","version":"00.00.000","category":{"@type":"Category","@id":"bba51547-77d9-3c3a-a99b-19a89cabe6fc","name":"low population density, long-term"},"flowType":"ELEMENTARY_FLOW","cas":"002837-89-0","formula":"C2HClF4","infrastructureFlow":false,"flowProperties":[{"@type":"FlowPropertyFactor","referenceFlowProperty":true,"flowProperty":{"@type":"FlowProperty","@id":"93a60a56-a3c8-11da-a746-0800200b9a66","name":"Mass"},"conversionFactor":1.0}]}