{"@context":"http://greendelta.github.io/olca-schema/context.jsonld","@type":"Flow","@id":"0c5de0d2-eb1e-4afe-a8de-b600d899516f","name":"Cesium-137","version":"00.00.000","category":{"@type":"Category","@id":"fcdb9418-2c9b-3a06-9b46-b280afc50970","name":"ground water"},"flowType":"ELEMENTARY_FLOW","cas":"010045-97-3","formula":"Cs-137","infrastructureFlow":false,"flowProperties":[{"@type":"FlowPropertyFactor","referenceFlowProperty":true,"flowProperty":{"@type":"FlowProperty","@id":"93a60a56-a3c8-17da-a746-0800200c9a66","name":"Radioactivity"},"conversionFactor":1.0}]}