{"@context":"http://greendelta.github.io/olca-schema/context.jsonld","@type":"Flow","@id":"0cdaaa7e-3c23-419d-8ad5-12dc93c2e1e3","name":"Hydrogen-3, Tritium","version":"00.00.000","category":{"@type":"Category","@id":"52d41f57-0e7d-35cf-b4ea-7c9d6c2f9c28","name":"low population density"},"flowType":"ELEMENTARY_FLOW","cas":"010028-17-8","formula":"H-3","infrastructureFlow":false,"flowProperties":[{"@type":"FlowPropertyFactor","referenceFlowProperty":true,"flowProperty":{"@type":"FlowProperty","@id":"93a60a56-a3c8-17da-a746-0800200c9a66","name":"Radioactivity"},"conversionFactor":1.0}]}