{"@context":"http://greendelta.github.io/olca-schema/context.jsonld","@type":"Flow","@id":"0d9f1f58-e5b6-4387-a22e-ae28c4ccfc6a","name":"Ethane, 1,1,2-trifluoro-, HFC-143","version":"00.00.000","category":{"@type":"Category","@id":"5ee13ccb-a299-3d36-8d7e-be8281e8891a","name":"unspecified"},"flowType":"ELEMENTARY_FLOW","infrastructureFlow":false,"flowProperties":[{"@type":"FlowPropertyFactor","referenceFlowProperty":true,"flowProperty":{"@type":"FlowProperty","@id":"93a60a56-a3c8-11da-a746-0800200b9a66","name":"Mass"},"conversionFactor":1.0}]}