{"@context":"http://greendelta.github.io/olca-schema/context.jsonld","@type":"Flow","@id":"1013b9ec-a7b5-459c-be3d-74f61b9ce06e","name":"Methane, dichlorodifluoro-, CFC-12","version":"00.00.000","category":{"@type":"Category","@id":"038095b2-75fe-33b1-aa7f-5d74b7bb38fa","name":"lower stratosphere + upper troposphere"},"flowType":"ELEMENTARY_FLOW","cas":"000075-71-8","formula":"CCl2F2","infrastructureFlow":false,"flowProperties":[{"@type":"FlowPropertyFactor","referenceFlowProperty":true,"flowProperty":{"@type":"FlowProperty","@id":"93a60a56-a3c8-11da-a746-0800200b9a66","name":"Mass"},"conversionFactor":1.0}]}