{"@context":"http://greendelta.github.io/olca-schema/context.jsonld","@type":"Flow","@id":"119c9554-351e-417b-ad7d-8c94dc499d1d","name":"Ethane, 1-chloro-2,2,2-trifluoro-(difluoromethoxy)-, HCFE-235da2","version":"00.00.000","category":{"@type":"Category","@id":"5ee13ccb-a299-3d36-8d7e-be8281e8891a","name":"unspecified"},"flowType":"ELEMENTARY_FLOW","cas":"026675-46-7","formula":"CHF2OCHClCF3","infrastructureFlow":false,"flowProperties":[{"@type":"FlowPropertyFactor","referenceFlowProperty":true,"flowProperty":{"@type":"FlowProperty","@id":"93a60a56-a3c8-11da-a746-0800200b9a66","name":"Mass"},"conversionFactor":1.0}]}