{"@context":"http://greendelta.github.io/olca-schema/context.jsonld","@type":"Flow","@id":"131e8d33-853b-4e06-aeaa-d56ff0e571a0","name":"Ethane, 1,1,1,2-tetrafluoro-2-bromo-, Halon 2401","version":"00.00.000","category":{"@type":"Category","@id":"038095b2-75fe-33b1-aa7f-5d74b7bb38fa","name":"lower stratosphere + upper troposphere"},"flowType":"ELEMENTARY_FLOW","cas":"000124-72-1","infrastructureFlow":false,"flowProperties":[{"@type":"FlowPropertyFactor","referenceFlowProperty":true,"flowProperty":{"@type":"FlowProperty","@id":"93a60a56-a3c8-11da-a746-0800200b9a66","name":"Mass"},"conversionFactor":1.0}]}