{"@context":"http://greendelta.github.io/olca-schema/context.jsonld","@type":"Flow","@id":"1346c00b-3aa0-4f3b-a036-b2060128dde9","name":"Propane, 1,1,1,2,3,3,3-heptafluoro-, HFC-227ea","version":"00.00.000","category":{"@type":"Category","@id":"52d41f57-0e7d-35cf-b4ea-7c9d6c2f9c28","name":"low population density"},"flowType":"ELEMENTARY_FLOW","cas":"000431-89-0","infrastructureFlow":false,"flowProperties":[{"@type":"FlowPropertyFactor","referenceFlowProperty":true,"flowProperty":{"@type":"FlowProperty","@id":"93a60a56-a3c8-11da-a746-0800200b9a66","name":"Mass"},"conversionFactor":1.0}]}