{"@context":"http://greendelta.github.io/olca-schema/context.jsonld","@type":"Flow","@id":"147b91df-513b-4784-923a-180c2a5b1434","name":"Manganese-54","version":"00.00.000","category":{"@type":"Category","@id":"bcf882d6-0577-3737-861a-539dae490716","name":"ocean"},"flowType":"ELEMENTARY_FLOW","cas":"013966-31-9","formula":"Mn-54","infrastructureFlow":false,"flowProperties":[{"@type":"FlowPropertyFactor","referenceFlowProperty":true,"flowProperty":{"@type":"FlowProperty","@id":"93a60a56-a3c8-17da-a746-0800200c9a66","name":"Radioactivity"},"conversionFactor":1.0}]}