{"@context":"http://greendelta.github.io/olca-schema/context.jsonld","@type":"Flow","@id":"1489fa29-476c-404a-95d9-9d2e3fa434da","name":"Carbon-14","version":"00.00.000","category":{"@type":"Category","@id":"07cff2fa-3a31-3f9f-9b2f-b531b3fd9133","name":"river, long-term"},"flowType":"ELEMENTARY_FLOW","cas":"014762-75-5","formula":"C-14","infrastructureFlow":false,"flowProperties":[{"@type":"FlowPropertyFactor","referenceFlowProperty":true,"flowProperty":{"@type":"FlowProperty","@id":"93a60a56-a3c8-17da-a746-0800200c9a66","name":"Radioactivity"},"conversionFactor":1.0}]}