{"@context":"http://greendelta.github.io/olca-schema/context.jsonld","@type":"Flow","@id":"151212b4-079b-43a2-96d5-a6eef59166ac","name":"Methane, difluoro-, HFC-32","version":"00.00.000","category":{"@type":"Category","@id":"5ee13ccb-a299-3d36-8d7e-be8281e8891a","name":"unspecified"},"flowType":"ELEMENTARY_FLOW","cas":"000075-10-5","formula":"CH2F2","infrastructureFlow":false,"flowProperties":[{"@type":"FlowPropertyFactor","referenceFlowProperty":true,"flowProperty":{"@type":"FlowProperty","@id":"93a60a56-a3c8-11da-a746-0800200b9a66","name":"Mass"},"conversionFactor":1.0}]}