{"@context":"http://greendelta.github.io/olca-schema/context.jsonld","@type":"Flow","@id":"1584734d-c5c8-42a5-aa51-0f6a92a9cc0d","name":"Ethane, 1,2-dichloro-1,1,2,2-tetrafluoro-, CFC-114","version":"00.00.000","category":{"@type":"Category","@id":"52d41f57-0e7d-35cf-b4ea-7c9d6c2f9c28","name":"low population density"},"flowType":"ELEMENTARY_FLOW","cas":"000076-14-2","formula":"C2Cl2F4","infrastructureFlow":false,"flowProperties":[{"@type":"FlowPropertyFactor","referenceFlowProperty":true,"flowProperty":{"@type":"FlowProperty","@id":"93a60a56-a3c8-11da-a746-0800200b9a66","name":"Mass"},"conversionFactor":1.0}]}