{"@context":"http://greendelta.github.io/olca-schema/context.jsonld","@type":"Flow","@id":"15e54d5b-aba2-40a6-9aa8-aa2b8c432129","name":"Ethane, chloropentafluoro-, CFC-115","version":"00.00.000","category":{"@type":"Category","@id":"148f2fea-51d6-3300-89e9-98d4bfad0b18","name":"high population density"},"flowType":"ELEMENTARY_FLOW","cas":"000076-15-3","formula":"C2ClF5","infrastructureFlow":false,"flowProperties":[{"@type":"FlowPropertyFactor","referenceFlowProperty":true,"flowProperty":{"@type":"FlowProperty","@id":"93a60a56-a3c8-11da-a746-0800200b9a66","name":"Mass"},"conversionFactor":1.0}]}