{"@context":"http://greendelta.github.io/olca-schema/context.jsonld","@type":"Flow","@id":"1652c2e3-c6c5-49e1-9ad1-34c188087ca6","name":"Ethane, 1-chloro-1,1-difluoro-, HCFC-142b","version":"00.00.000","category":{"@type":"Category","@id":"038095b2-75fe-33b1-aa7f-5d74b7bb38fa","name":"lower stratosphere + upper troposphere"},"flowType":"ELEMENTARY_FLOW","cas":"000075-68-3","formula":"C2H3ClF2","infrastructureFlow":false,"flowProperties":[{"@type":"FlowPropertyFactor","referenceFlowProperty":true,"flowProperty":{"@type":"FlowProperty","@id":"93a60a56-a3c8-11da-a746-0800200b9a66","name":"Mass"},"conversionFactor":1.0}]}