{"@context":"http://greendelta.github.io/olca-schema/context.jsonld","@type":"Flow","@id":"16521d00-4b6f-464f-b5dd-8da4a27b15ca","name":"Sulfur dioxide","version":"00.00.000","category":{"@type":"Category","@id":"038095b2-75fe-33b1-aa7f-5d74b7bb38fa","name":"lower stratosphere + upper troposphere"},"flowType":"ELEMENTARY_FLOW","cas":"007446-09-5","formula":"SOx as SO2","infrastructureFlow":false,"flowProperties":[{"@type":"FlowPropertyFactor","referenceFlowProperty":true,"flowProperty":{"@type":"FlowProperty","@id":"93a60a56-a3c8-11da-a746-0800200b9a66","name":"Mass"},"conversionFactor":1.0}]}