{"@context":"http://greendelta.github.io/olca-schema/context.jsonld","@type":"Flow","@id":"16a6b0a2-16f4-4706-a75a-20e08e41f46e","name":"Manganese-54","version":"00.00.000","category":{"@type":"Category","@id":"755f4639-b7b4-347c-bf49-d107b88f20f8","name":"fresh water"},"flowType":"ELEMENTARY_FLOW","cas":"013966-31-9","formula":"Mn-54","infrastructureFlow":false,"flowProperties":[{"@type":"FlowPropertyFactor","referenceFlowProperty":true,"flowProperty":{"@type":"FlowProperty","@id":"93a60a56-a3c8-17da-a746-0800200c9a66","name":"Radioactivity"},"conversionFactor":1.0}]}