{"@context":"http://greendelta.github.io/olca-schema/context.jsonld","@type":"Flow","@id":"170cf8c7-598c-4431-9528-702146b2c052","name":"Ether, 1,1,2,3,3,3-Hexafluoropropyl methyl-, HFE-356mec3","version":"00.00.000","category":{"@type":"Category","@id":"bba51547-77d9-3c3a-a99b-19a89cabe6fc","name":"low population density, long-term"},"flowType":"ELEMENTARY_FLOW","cas":"000382-34-3","infrastructureFlow":false,"flowProperties":[{"@type":"FlowPropertyFactor","referenceFlowProperty":true,"flowProperty":{"@type":"FlowProperty","@id":"93a60a56-a3c8-11da-a746-0800200b9a66","name":"Mass"},"conversionFactor":1.0}]}