{"@context":"http://greendelta.github.io/olca-schema/context.jsonld","@type":"Flow","@id":"1963a3ba-6d77-4571-bb8f-0e9c8ac28a65","name":"Propane, 1,1,1,3,3,3-hexafluoro-, HCFC-236fa","version":"00.00.000","category":{"@type":"Category","@id":"5ee13ccb-a299-3d36-8d7e-be8281e8891a","name":"unspecified"},"flowType":"ELEMENTARY_FLOW","cas":"000690-39-1","formula":"CF3CH2CF3","infrastructureFlow":false,"flowProperties":[{"@type":"FlowPropertyFactor","referenceFlowProperty":true,"flowProperty":{"@type":"FlowProperty","@id":"93a60a56-a3c8-11da-a746-0800200b9a66","name":"Mass"},"conversionFactor":1.0}]}