{"@context":"http://greendelta.github.io/olca-schema/context.jsonld","@type":"Flow","@id":"1aadf4e4-f749-4b0e-83e0-6d99ab05d498","name":"Ether, 1,1,2,2-Tetrafluoroethyl methyl-, HFE-254cb2","version":"00.00.000","category":{"@type":"Category","@id":"5ee13ccb-a299-3d36-8d7e-be8281e8891a","name":"unspecified"},"flowType":"ELEMENTARY_FLOW","cas":"000425-88-7","formula":"CH3OCF2CHF2","infrastructureFlow":false,"flowProperties":[{"@type":"FlowPropertyFactor","referenceFlowProperty":true,"flowProperty":{"@type":"FlowProperty","@id":"93a60a56-a3c8-11da-a746-0800200b9a66","name":"Mass"},"conversionFactor":1.0}]}