{"@context":"http://greendelta.github.io/olca-schema/context.jsonld","@type":"Flow","@id":"1c4a106a-53bc-40f5-bcae-d30ab191dbfe","name":"Ethane, 1,1-difluoro-, HFC-152a","version":"00.00.000","category":{"@type":"Category","@id":"52d41f57-0e7d-35cf-b4ea-7c9d6c2f9c28","name":"low population density"},"flowType":"ELEMENTARY_FLOW","cas":"000075-37-6","formula":"C2H4F2","infrastructureFlow":false,"flowProperties":[{"@type":"FlowPropertyFactor","referenceFlowProperty":true,"flowProperty":{"@type":"FlowProperty","@id":"93a60a56-a3c8-11da-a746-0800200b9a66","name":"Mass"},"conversionFactor":1.0}]}