{"@context":"http://greendelta.github.io/olca-schema/context.jsonld","@type":"Flow","@id":"1e060d5a-cd41-4f30-9c93-272403b7e004","name":"Ethane, 1,2-dichloro-1,1,2,2-tetrafluoro-, CFC-114","version":"00.00.000","category":{"@type":"Category","@id":"bba51547-77d9-3c3a-a99b-19a89cabe6fc","name":"low population density, long-term"},"flowType":"ELEMENTARY_FLOW","cas":"000076-14-2","formula":"C2Cl2F4","infrastructureFlow":false,"flowProperties":[{"@type":"FlowPropertyFactor","referenceFlowProperty":true,"flowProperty":{"@type":"FlowProperty","@id":"93a60a56-a3c8-11da-a746-0800200b9a66","name":"Mass"},"conversionFactor":1.0}]}