{"@context":"http://greendelta.github.io/olca-schema/context.jsonld","@type":"Flow","@id":"1eb1b94c-e9d8-47ab-969b-9cca920157d8","name":"Particulates, \u003e 10 um","version":"00.00.000","category":{"@type":"Category","@id":"148f2fea-51d6-3300-89e9-98d4bfad0b18","name":"high population density"},"flowType":"ELEMENTARY_FLOW","formula":"TPM-PM10","infrastructureFlow":false,"flowProperties":[{"@type":"FlowPropertyFactor","referenceFlowProperty":true,"flowProperty":{"@type":"FlowProperty","@id":"93a60a56-a3c8-11da-a746-0800200b9a66","name":"Mass"},"conversionFactor":1.0}]}