{"@context":"http://greendelta.github.io/olca-schema/context.jsonld","@type":"Flow","@id":"2071631d-7d90-4040-ac40-1829af0bd3c2","name":"Particulates, \u003c 10 um (stationary)","version":"00.00.000","category":{"@type":"Category","@id":"5ee13ccb-a299-3d36-8d7e-be8281e8891a","name":"unspecified"},"flowType":"ELEMENTARY_FLOW","infrastructureFlow":false,"flowProperties":[{"@type":"FlowPropertyFactor","referenceFlowProperty":true,"flowProperty":{"@type":"FlowProperty","@id":"93a60a56-a3c8-11da-a746-0800200b9a66","name":"Mass"},"conversionFactor":1.0}]}