{"@context":"http://greendelta.github.io/olca-schema/context.jsonld","@type":"Flow","@id":"2849950e-a427-4f15-b5e9-d2f0362e5cd3","name":"Ethane, 1,2-dibromotetrafluoro-, Halon 2402","version":"00.00.000","category":{"@type":"Category","@id":"148f2fea-51d6-3300-89e9-98d4bfad0b18","name":"high population density"},"flowType":"ELEMENTARY_FLOW","cas":"000124-73-2","infrastructureFlow":false,"flowProperties":[{"@type":"FlowPropertyFactor","referenceFlowProperty":true,"flowProperty":{"@type":"FlowProperty","@id":"93a60a56-a3c8-11da-a746-0800200b9a66","name":"Mass"},"conversionFactor":1.0}]}