{"@context":"http://greendelta.github.io/olca-schema/context.jsonld","@type":"Flow","@id":"29058d9e-a2f4-4bd9-9d11-d56251c60034","name":"Ether, 1,2,2-trifluoroethyl trifluoromethyl-, HFE-236ea2","version":"00.00.000","category":{"@type":"Category","@id":"5ee13ccb-a299-3d36-8d7e-be8281e8891a","name":"unspecified"},"flowType":"ELEMENTARY_FLOW","cas":"002356-62-9","infrastructureFlow":false,"flowProperties":[{"@type":"FlowPropertyFactor","referenceFlowProperty":true,"flowProperty":{"@type":"FlowProperty","@id":"93a60a56-a3c8-11da-a746-0800200b9a66","name":"Mass"},"conversionFactor":1.0}]}