{"@context":"http://greendelta.github.io/olca-schema/context.jsonld","@type":"Flow","@id":"2af0e1fd-59a4-4663-ac11-e5c26d8d7855","name":"Ether, 1,1,2,3,3,3-Hexafluoropropyl methyl-, HFE-356pcc3","version":"00.00.000","category":{"@type":"Category","@id":"52d41f57-0e7d-35cf-b4ea-7c9d6c2f9c28","name":"low population density"},"flowType":"ELEMENTARY_FLOW","cas":"160620-20-2","infrastructureFlow":false,"flowProperties":[{"@type":"FlowPropertyFactor","referenceFlowProperty":true,"flowProperty":{"@type":"FlowProperty","@id":"93a60a56-a3c8-11da-a746-0800200b9a66","name":"Mass"},"conversionFactor":1.0}]}