{"@context":"http://greendelta.github.io/olca-schema/context.jsonld","@type":"Flow","@id":"2c9e7fba-dd57-4294-8a5e-2aa489930f69","name":"Silver-110","version":"00.00.000","category":{"@type":"Category","@id":"52d41f57-0e7d-35cf-b4ea-7c9d6c2f9c28","name":"low population density"},"flowType":"ELEMENTARY_FLOW","cas":"014391-76-5","formula":"Ag-110m","infrastructureFlow":false,"flowProperties":[{"@type":"FlowPropertyFactor","referenceFlowProperty":true,"flowProperty":{"@type":"FlowProperty","@id":"93a60a56-a3c8-17da-a746-0800200c9a66","name":"Radioactivity"},"conversionFactor":1.0}]}