{"@context":"http://greendelta.github.io/olca-schema/context.jsonld","@type":"Flow","@id":"2fff3bda-1eec-4166-9969-bc9e757c8e8e","name":"Ethane, 2,2-dichloro-1,1,1-trifluoro-, HCFC-123","version":"00.00.000","category":{"@type":"Category","@id":"038095b2-75fe-33b1-aa7f-5d74b7bb38fa","name":"lower stratosphere + upper troposphere"},"flowType":"ELEMENTARY_FLOW","cas":"000306-83-2","formula":"C2HCl2F3","infrastructureFlow":false,"flowProperties":[{"@type":"FlowPropertyFactor","referenceFlowProperty":true,"flowProperty":{"@type":"FlowProperty","@id":"93a60a56-a3c8-11da-a746-0800200b9a66","name":"Mass"},"conversionFactor":1.0}]}