{"@context":"http://greendelta.github.io/olca-schema/context.jsonld","@type":"Flow","@id":"30533fd3-b19c-44fc-9a88-fb6b12409b47","name":"Ethane, chloropentafluoro-, CFC-115","version":"00.00.000","category":{"@type":"Category","@id":"038095b2-75fe-33b1-aa7f-5d74b7bb38fa","name":"lower stratosphere + upper troposphere"},"flowType":"ELEMENTARY_FLOW","cas":"000076-15-3","formula":"C2ClF5","infrastructureFlow":false,"flowProperties":[{"@type":"FlowPropertyFactor","referenceFlowProperty":true,"flowProperty":{"@type":"FlowProperty","@id":"93a60a56-a3c8-11da-a746-0800200b9a66","name":"Mass"},"conversionFactor":1.0}]}