{"@context":"http://greendelta.github.io/olca-schema/context.jsonld","@type":"Flow","@id":"305af6f4-1a7e-487e-8479-0e37e3ec9d9e","name":"Cobalt-58","version":"00.00.000","category":{"@type":"Category","@id":"755f4639-b7b4-347c-bf49-d107b88f20f8","name":"fresh water"},"flowType":"ELEMENTARY_FLOW","cas":"013981-38-9","formula":"Co-58","infrastructureFlow":false,"flowProperties":[{"@type":"FlowPropertyFactor","referenceFlowProperty":true,"flowProperty":{"@type":"FlowProperty","@id":"93a60a56-a3c8-17da-a746-0800200c9a66","name":"Radioactivity"},"conversionFactor":1.0}]}