{"@context":"http://greendelta.github.io/olca-schema/context.jsonld","@type":"Flow","@id":"30af7730-01ec-4836-a207-35fcb5931737","name":"Cobalt-60","version":"00.00.000","category":{"@type":"Category","@id":"44c00cf2-fa62-34b8-802b-4889d283c3ba","name":"fresh water, long-term"},"flowType":"ELEMENTARY_FLOW","cas":"010198-40-0","infrastructureFlow":false,"flowProperties":[{"@type":"FlowPropertyFactor","referenceFlowProperty":true,"flowProperty":{"@type":"FlowProperty","@id":"93a60a56-a3c8-17da-a746-0800200c9a66","name":"Radioactivity"},"conversionFactor":1.0}]}