{"@context":"http://greendelta.github.io/olca-schema/context.jsonld","@type":"Flow","@id":"32099a62-ce9a-4624-a292-0be619afff9e","name":"Propane, 1,1,2,2,3-pentafluoro-, HFC-245ca","version":"00.00.000","category":{"@type":"Category","@id":"5ee13ccb-a299-3d36-8d7e-be8281e8891a","name":"unspecified"},"flowType":"ELEMENTARY_FLOW","cas":"000679-86-7","infrastructureFlow":false,"flowProperties":[{"@type":"FlowPropertyFactor","referenceFlowProperty":true,"flowProperty":{"@type":"FlowProperty","@id":"93a60a56-a3c8-11da-a746-0800200b9a66","name":"Mass"},"conversionFactor":1.0}]}