{"@context":"http://greendelta.github.io/olca-schema/context.jsonld","@type":"Flow","@id":"33b2ea52-a2fa-4a6a-ad60-144abca3d9e8","name":"Ether, difluoromethyl 2,2,2-trifluoroethyl-, HFE-245fa2","version":"00.00.000","category":{"@type":"Category","@id":"148f2fea-51d6-3300-89e9-98d4bfad0b18","name":"high population density"},"flowType":"ELEMENTARY_FLOW","cas":"001885-48-9","infrastructureFlow":false,"flowProperties":[{"@type":"FlowPropertyFactor","referenceFlowProperty":true,"flowProperty":{"@type":"FlowProperty","@id":"93a60a56-a3c8-11da-a746-0800200b9a66","name":"Mass"},"conversionFactor":1.0}]}