{"@context":"http://greendelta.github.io/olca-schema/context.jsonld","@type":"Flow","@id":"34de4196-871a-4db8-a182-589ab780a935","name":"Methane, dichlorofluoro-, HCFC-21","version":"00.00.000","category":{"@type":"Category","@id":"bba51547-77d9-3c3a-a99b-19a89cabe6fc","name":"low population density, long-term"},"flowType":"ELEMENTARY_FLOW","cas":"000075-43-4","formula":"CHCl2F","infrastructureFlow":false,"flowProperties":[{"@type":"FlowPropertyFactor","referenceFlowProperty":true,"flowProperty":{"@type":"FlowProperty","@id":"93a60a56-a3c8-11da-a746-0800200b9a66","name":"Mass"},"conversionFactor":1.0}]}