{"@context":"http://greendelta.github.io/olca-schema/context.jsonld","@type":"Flow","@id":"370447a7-70d1-47bd-8577-0a32c4f53570","name":"Methane, monochloro-, R-40","version":"00.00.000","category":{"@type":"Category","@id":"148f2fea-51d6-3300-89e9-98d4bfad0b18","name":"high population density"},"flowType":"ELEMENTARY_FLOW","cas":"000074-87-3","formula":"CH3Cl","infrastructureFlow":false,"flowProperties":[{"@type":"FlowPropertyFactor","referenceFlowProperty":true,"flowProperty":{"@type":"FlowProperty","@id":"93a60a56-a3c8-11da-a746-0800200b9a66","name":"Mass"},"conversionFactor":1.0}]}