{"@context":"http://greendelta.github.io/olca-schema/context.jsonld","@type":"Flow","@id":"3860fbca-8a2b-4297-803b-55ee227cab79","name":"Cesium-134","version":"00.00.000","category":{"@type":"Category","@id":"e3804097-c37d-3ae2-9b0b-a4acc407e6e2","name":"ground water, long-term"},"flowType":"ELEMENTARY_FLOW","cas":"013967-70-9","formula":"Cs-134","infrastructureFlow":false,"flowProperties":[{"@type":"FlowPropertyFactor","referenceFlowProperty":true,"flowProperty":{"@type":"FlowProperty","@id":"93a60a56-a3c8-17da-a746-0800200c9a66","name":"Radioactivity"},"conversionFactor":1.0}]}