{"@context":"http://greendelta.github.io/olca-schema/context.jsonld","@type":"Flow","@id":"393d0862-04cc-45ae-8d08-9dc2a4461b35","name":"Ethane, 1,1-difluoro-, HFC-152a","version":"00.00.000","category":{"@type":"Category","@id":"148f2fea-51d6-3300-89e9-98d4bfad0b18","name":"high population density"},"flowType":"ELEMENTARY_FLOW","cas":"000075-37-6","formula":"C2H4F2","infrastructureFlow":false,"flowProperties":[{"@type":"FlowPropertyFactor","referenceFlowProperty":true,"flowProperty":{"@type":"FlowProperty","@id":"93a60a56-a3c8-11da-a746-0800200b9a66","name":"Mass"},"conversionFactor":1.0}]}