{"@context":"http://greendelta.github.io/olca-schema/context.jsonld","@type":"Flow","@id":"39810de4-02b7-4921-bcf9-e54995603383","name":"Ether, 1,2,2-trifluoroethyl trifluoromethyl-, HFE-236ea2","version":"00.00.000","category":{"@type":"Category","@id":"bba51547-77d9-3c3a-a99b-19a89cabe6fc","name":"low population density, long-term"},"flowType":"ELEMENTARY_FLOW","cas":"002356-62-9","infrastructureFlow":false,"flowProperties":[{"@type":"FlowPropertyFactor","referenceFlowProperty":true,"flowProperty":{"@type":"FlowProperty","@id":"93a60a56-a3c8-11da-a746-0800200b9a66","name":"Mass"},"conversionFactor":1.0}]}