{"@context":"http://greendelta.github.io/olca-schema/context.jsonld","@type":"Flow","@id":"39c21b62-f04f-4b1a-9261-4526dd938040","name":"Ether, 1,1,1-trifluoromethyl methyl-, HFE-143a","version":"00.00.000","category":{"@type":"Category","@id":"148f2fea-51d6-3300-89e9-98d4bfad0b18","name":"high population density"},"flowType":"ELEMENTARY_FLOW","cas":"000421-14-7","infrastructureFlow":false,"flowProperties":[{"@type":"FlowPropertyFactor","referenceFlowProperty":true,"flowProperty":{"@type":"FlowProperty","@id":"93a60a56-a3c8-11da-a746-0800200b9a66","name":"Mass"},"conversionFactor":1.0}]}