{"@context":"http://greendelta.github.io/olca-schema/context.jsonld","@type":"Flow","@id":"3a26333d-512f-4ec9-ac8b-0b870b1d688e","name":"Ether, 1,1,2,3,3,3-Hexafluoropropyl methyl-, HFE-356pcf2","version":"00.00.000","category":{"@type":"Category","@id":"148f2fea-51d6-3300-89e9-98d4bfad0b18","name":"high population density"},"flowType":"ELEMENTARY_FLOW","cas":"E1730137","infrastructureFlow":false,"flowProperties":[{"@type":"FlowPropertyFactor","referenceFlowProperty":true,"flowProperty":{"@type":"FlowProperty","@id":"93a60a56-a3c8-11da-a746-0800200b9a66","name":"Mass"},"conversionFactor":1.0}]}