{"@context":"http://greendelta.github.io/olca-schema/context.jsonld","@type":"Flow","@id":"3ac3442a-ca4d-4b4b-a486-3584bb29f9e0","name":"Iodine-131","version":"00.00.000","category":{"@type":"Category","@id":"755f4639-b7b4-347c-bf49-d107b88f20f8","name":"fresh water"},"flowType":"ELEMENTARY_FLOW","cas":"010043-66-0","formula":"I-131","infrastructureFlow":false,"flowProperties":[{"@type":"FlowPropertyFactor","referenceFlowProperty":true,"flowProperty":{"@type":"FlowProperty","@id":"93a60a56-a3c8-17da-a746-0800200c9a66","name":"Radioactivity"},"conversionFactor":1.0}]}