{"@context":"http://greendelta.github.io/olca-schema/context.jsonld","@type":"Flow","@id":"3b30d058-02ef-4ed2-b357-5fc1a45c63e7","name":"Ethane, 1,2-dichloro-1,1,2,2-tetrafluoro-, CFC-114","version":"00.00.000","category":{"@type":"Category","@id":"148f2fea-51d6-3300-89e9-98d4bfad0b18","name":"high population density"},"flowType":"ELEMENTARY_FLOW","cas":"000076-14-2","formula":"C2Cl2F4","infrastructureFlow":false,"flowProperties":[{"@type":"FlowPropertyFactor","referenceFlowProperty":true,"flowProperty":{"@type":"FlowProperty","@id":"93a60a56-a3c8-11da-a746-0800200b9a66","name":"Mass"},"conversionFactor":1.0}]}