{"@context":"http://greendelta.github.io/olca-schema/context.jsonld","@type":"Flow","@id":"3d03f081-347c-4b18-b13b-c1785f61f4f5","name":"Butane, perfluoro-","version":"00.00.000","category":{"@type":"Category","@id":"5ee13ccb-a299-3d36-8d7e-be8281e8891a","name":"unspecified"},"flowType":"ELEMENTARY_FLOW","cas":"000355-25-9","formula":"C4F10","infrastructureFlow":false,"flowProperties":[{"@type":"FlowPropertyFactor","referenceFlowProperty":true,"flowProperty":{"@type":"FlowProperty","@id":"93a60a56-a3c8-11da-a746-0800200b9a66","name":"Mass"},"conversionFactor":1.0}]}