{"@context":"http://greendelta.github.io/olca-schema/context.jsonld","@type":"Flow","@id":"3feb6415-ae50-4bb7-b9d1-c18d99f8a87f","name":"Methane, trichlorofluoro-, CFC-11","version":"00.00.000","category":{"@type":"Category","@id":"bba51547-77d9-3c3a-a99b-19a89cabe6fc","name":"low population density, long-term"},"flowType":"ELEMENTARY_FLOW","cas":"000075-69-4","formula":"CCl3F","infrastructureFlow":false,"flowProperties":[{"@type":"FlowPropertyFactor","referenceFlowProperty":true,"flowProperty":{"@type":"FlowProperty","@id":"93a60a56-a3c8-11da-a746-0800200b9a66","name":"Mass"},"conversionFactor":1.0}]}