{"@context":"http://greendelta.github.io/olca-schema/context.jsonld","@type":"Flow","@id":"40022b1f-8906-4c54-a074-bf1a3fc9b13f","name":"Ethane, pentafluoro-, HFC-125","version":"00.00.000","category":{"@type":"Category","@id":"038095b2-75fe-33b1-aa7f-5d74b7bb38fa","name":"lower stratosphere + upper troposphere"},"flowType":"ELEMENTARY_FLOW","cas":"000354-33-6","formula":"C2HF5","infrastructureFlow":false,"flowProperties":[{"@type":"FlowPropertyFactor","referenceFlowProperty":true,"flowProperty":{"@type":"FlowProperty","@id":"93a60a56-a3c8-11da-a746-0800200b9a66","name":"Mass"},"conversionFactor":1.0}]}