{"@context":"http://greendelta.github.io/olca-schema/context.jsonld","@type":"Flow","@id":"400be66e-4383-482a-93e3-c005e96de261","name":"Ethane, 1-chloro-1,1-difluoro-, HCFC-142b","version":"00.00.000","category":{"@type":"Category","@id":"148f2fea-51d6-3300-89e9-98d4bfad0b18","name":"high population density"},"flowType":"ELEMENTARY_FLOW","cas":"000075-68-3","formula":"C2H3ClF2","infrastructureFlow":false,"flowProperties":[{"@type":"FlowPropertyFactor","referenceFlowProperty":true,"flowProperty":{"@type":"FlowProperty","@id":"93a60a56-a3c8-11da-a746-0800200b9a66","name":"Mass"},"conversionFactor":1.0}]}