{"@context":"http://greendelta.github.io/olca-schema/context.jsonld","@type":"Flow","@id":"407193b9-bb42-4489-9dd3-2563fa4597ac","name":"Ethane, 1,1,2-trifluoro-, HFC-143","version":"00.00.000","category":{"@type":"Category","@id":"038095b2-75fe-33b1-aa7f-5d74b7bb38fa","name":"lower stratosphere + upper troposphere"},"flowType":"ELEMENTARY_FLOW","infrastructureFlow":false,"flowProperties":[{"@type":"FlowPropertyFactor","referenceFlowProperty":true,"flowProperty":{"@type":"FlowProperty","@id":"93a60a56-a3c8-11da-a746-0800200b9a66","name":"Mass"},"conversionFactor":1.0}]}