{"@context":"http://greendelta.github.io/olca-schema/context.jsonld","@type":"Flow","@id":"408b897b-48de-4ae2-b541-28c53a1f4f9e","name":"Ether, nonafluorobutane ethyl-, HFE569sf2 (HFE-7200)","version":"00.00.000","category":{"@type":"Category","@id":"148f2fea-51d6-3300-89e9-98d4bfad0b18","name":"high population density"},"flowType":"ELEMENTARY_FLOW","cas":"163702-05-4","infrastructureFlow":false,"flowProperties":[{"@type":"FlowPropertyFactor","referenceFlowProperty":true,"flowProperty":{"@type":"FlowProperty","@id":"93a60a56-a3c8-11da-a746-0800200b9a66","name":"Mass"},"conversionFactor":1.0}]}