{"@context":"http://greendelta.github.io/olca-schema/context.jsonld","@type":"Flow","@id":"41dc8072-ee6b-4dbb-9270-bb1c438a334a","name":"Ethane, 1,2-difluoro-, HFC-152","version":"00.00.000","category":{"@type":"Category","@id":"038095b2-75fe-33b1-aa7f-5d74b7bb38fa","name":"lower stratosphere + upper troposphere"},"flowType":"ELEMENTARY_FLOW","cas":"000624-72-6","infrastructureFlow":false,"flowProperties":[{"@type":"FlowPropertyFactor","referenceFlowProperty":true,"flowProperty":{"@type":"FlowProperty","@id":"93a60a56-a3c8-11da-a746-0800200b9a66","name":"Mass"},"conversionFactor":1.0}]}