{"@context":"http://greendelta.github.io/olca-schema/context.jsonld","@type":"Flow","@id":"42c74b9e-fa00-4612-a3bf-4951237cba04","name":"Antimony-124","version":"00.00.000","category":{"@type":"Category","@id":"148f2fea-51d6-3300-89e9-98d4bfad0b18","name":"high population density"},"flowType":"ELEMENTARY_FLOW","cas":"014683-10-4","formula":"Sb-124","infrastructureFlow":false,"flowProperties":[{"@type":"FlowPropertyFactor","referenceFlowProperty":true,"flowProperty":{"@type":"FlowProperty","@id":"93a60a56-a3c8-17da-a746-0800200c9a66","name":"Radioactivity"},"conversionFactor":1.0}]}