{"@context":"http://greendelta.github.io/olca-schema/context.jsonld","@type":"Flow","@id":"439e035b-4d3a-411d-a05a-c9a2a57fcb3b","name":"Methane, from soil or biomass stock","version":"00.00.000","category":{"@type":"Category","@id":"148f2fea-51d6-3300-89e9-98d4bfad0b18","name":"high population density"},"flowType":"ELEMENTARY_FLOW","infrastructureFlow":false,"flowProperties":[{"@type":"FlowPropertyFactor","referenceFlowProperty":true,"flowProperty":{"@type":"FlowProperty","@id":"93a60a56-a3c8-11da-a746-0800200b9a66","name":"Mass"},"conversionFactor":1.0}]}