{"@context":"http://greendelta.github.io/olca-schema/context.jsonld","@type":"Flow","@id":"43bc4fc0-bfeb-46d6-b3de-f69c3ccd622a","name":"Methane, chlorotrifluoro-, CFC-13","version":"00.00.000","category":{"@type":"Category","@id":"148f2fea-51d6-3300-89e9-98d4bfad0b18","name":"high population density"},"flowType":"ELEMENTARY_FLOW","cas":"000075-72-9","formula":"CClF3","infrastructureFlow":false,"flowProperties":[{"@type":"FlowPropertyFactor","referenceFlowProperty":true,"flowProperty":{"@type":"FlowProperty","@id":"93a60a56-a3c8-11da-a746-0800200b9a66","name":"Mass"},"conversionFactor":1.0}]}