{"@context":"http://greendelta.github.io/olca-schema/context.jsonld","@type":"Flow","@id":"4526c873-a2c5-4e48-94a8-9b639ab7704e","name":"Pentane, perfluoro-","version":"00.00.000","category":{"@type":"Category","@id":"5ee13ccb-a299-3d36-8d7e-be8281e8891a","name":"unspecified"},"flowType":"ELEMENTARY_FLOW","cas":"000678-26-2","formula":"C5F12","infrastructureFlow":false,"flowProperties":[{"@type":"FlowPropertyFactor","referenceFlowProperty":true,"flowProperty":{"@type":"FlowProperty","@id":"93a60a56-a3c8-11da-a746-0800200b9a66","name":"Mass"},"conversionFactor":1.0}]}