{"@context":"http://greendelta.github.io/olca-schema/context.jsonld","@type":"Flow","@id":"467a7c34-1352-4793-b50f-e8c96e47058e","name":"1-Propanol, 3,3,3-trifluoro-2,2-bis(trifluoromethyl)-, HFE-7100","version":"00.00.000","category":{"@type":"Category","@id":"5ee13ccb-a299-3d36-8d7e-be8281e8891a","name":"unspecified"},"flowType":"ELEMENTARY_FLOW","cas":"014117-17-0","formula":"C4F9OCH3","infrastructureFlow":false,"flowProperties":[{"@type":"FlowPropertyFactor","referenceFlowProperty":true,"flowProperty":{"@type":"FlowProperty","@id":"93a60a56-a3c8-11da-a746-0800200b9a66","name":"Mass"},"conversionFactor":1.0}]}