{"@context":"http://greendelta.github.io/olca-schema/context.jsonld","@type":"Flow","@id":"46a9723a-aca5-4b66-9367-47412ec9e3a0","name":"Manganese-54","version":"00.00.000","category":{"@type":"Category","@id":"52d41f57-0e7d-35cf-b4ea-7c9d6c2f9c28","name":"low population density"},"flowType":"ELEMENTARY_FLOW","cas":"013966-31-9","formula":"Mn-54","infrastructureFlow":false,"flowProperties":[{"@type":"FlowPropertyFactor","referenceFlowProperty":true,"flowProperty":{"@type":"FlowProperty","@id":"93a60a56-a3c8-17da-a746-0800200c9a66","name":"Radioactivity"},"conversionFactor":1.0}]}