{"@context":"http://greendelta.github.io/olca-schema/context.jsonld","@type":"Flow","@id":"47c12d99-c2dc-41cf-bad1-cd31c2fe0421","name":"Ethane, 1,1,2-trichloro-1,2,2-trifluoro-, CFC-113","version":"00.00.000","category":{"@type":"Category","@id":"52d41f57-0e7d-35cf-b4ea-7c9d6c2f9c28","name":"low population density"},"flowType":"ELEMENTARY_FLOW","cas":"000076-13-1","formula":"C2Cl3F3","infrastructureFlow":false,"flowProperties":[{"@type":"FlowPropertyFactor","referenceFlowProperty":true,"flowProperty":{"@type":"FlowProperty","@id":"93a60a56-a3c8-11da-a746-0800200b9a66","name":"Mass"},"conversionFactor":1.0}]}