{"@context":"http://greendelta.github.io/olca-schema/context.jsonld","@type":"Flow","@id":"48b0b2ef-7c80-414e-9d0a-6d54de9cbcb3","name":"1-Propanol, 3,3,3-trifluoro-2,2-bis(trifluoromethyl)-, HFE-7100","version":"00.00.000","category":{"@type":"Category","@id":"038095b2-75fe-33b1-aa7f-5d74b7bb38fa","name":"lower stratosphere + upper troposphere"},"flowType":"ELEMENTARY_FLOW","cas":"014117-17-0","infrastructureFlow":false,"flowProperties":[{"@type":"FlowPropertyFactor","referenceFlowProperty":true,"flowProperty":{"@type":"FlowProperty","@id":"93a60a56-a3c8-11da-a746-0800200b9a66","name":"Mass"},"conversionFactor":1.0}]}