{"@context":"http://greendelta.github.io/olca-schema/context.jsonld","@type":"Flow","@id":"48c0daa7-79f4-43bd-a809-9f57c102cc7b","name":"Propane, 3,3-dichloro-1,1,1,2,2-pentafluoro-, HCFC-225ca","version":"00.00.000","category":{"@type":"Category","@id":"148f2fea-51d6-3300-89e9-98d4bfad0b18","name":"high population density"},"flowType":"ELEMENTARY_FLOW","cas":"000422-56-0","infrastructureFlow":false,"flowProperties":[{"@type":"FlowPropertyFactor","referenceFlowProperty":true,"flowProperty":{"@type":"FlowProperty","@id":"93a60a56-a3c8-11da-a746-0800200b9a66","name":"Mass"},"conversionFactor":1.0}]}