{"@context":"http://greendelta.github.io/olca-schema/context.jsonld","@type":"Flow","@id":"4981fdec-9dbd-4688-9fd4-6a6b3191161f","name":"Ethane, 1,2-dibromotetrafluoro-, Halon 2402","version":"00.00.000","category":{"@type":"Category","@id":"038095b2-75fe-33b1-aa7f-5d74b7bb38fa","name":"lower stratosphere + upper troposphere"},"flowType":"ELEMENTARY_FLOW","cas":"000124-73-2","infrastructureFlow":false,"flowProperties":[{"@type":"FlowPropertyFactor","referenceFlowProperty":true,"flowProperty":{"@type":"FlowProperty","@id":"93a60a56-a3c8-11da-a746-0800200b9a66","name":"Mass"},"conversionFactor":1.0}]}