{"@context":"http://greendelta.github.io/olca-schema/context.jsonld","@type":"Flow","@id":"4cadbc9f-0472-4bb9-a942-df5b90e37878","name":"Chloroform","version":"00.00.000","category":{"@type":"Category","@id":"148f2fea-51d6-3300-89e9-98d4bfad0b18","name":"high population density"},"flowType":"ELEMENTARY_FLOW","cas":"000067-66-3","formula":"CHCl3","infrastructureFlow":false,"flowProperties":[{"@type":"FlowPropertyFactor","referenceFlowProperty":true,"flowProperty":{"@type":"FlowProperty","@id":"93a60a56-a3c8-11da-a746-0800200b9a66","name":"Mass"},"conversionFactor":1.0}]}