{"@context":"http://greendelta.github.io/olca-schema/context.jsonld","@type":"Flow","@id":"510b26c3-3cf7-48ea-a638-42487eff794e","name":"HFE-43-10pccc124 (H-Galden1040x)","version":"00.00.000","category":{"@type":"Category","@id":"bba51547-77d9-3c3a-a99b-19a89cabe6fc","name":"low population density, long-term"},"flowType":"ELEMENTARY_FLOW","infrastructureFlow":false,"flowProperties":[{"@type":"FlowPropertyFactor","referenceFlowProperty":true,"flowProperty":{"@type":"FlowProperty","@id":"93a60a56-a3c8-11da-a746-0800200b9a66","name":"Mass"},"conversionFactor":1.0}]}