{"@context":"http://greendelta.github.io/olca-schema/context.jsonld","@type":"Flow","@id":"51f80fcc-8eb0-4912-afbd-e9b9861e45a4","name":"Antimony-125","version":"00.00.000","category":{"@type":"Category","@id":"52d41f57-0e7d-35cf-b4ea-7c9d6c2f9c28","name":"low population density"},"flowType":"ELEMENTARY_FLOW","cas":"014234-35-6","formula":"Sb-125","infrastructureFlow":false,"flowProperties":[{"@type":"FlowPropertyFactor","referenceFlowProperty":true,"flowProperty":{"@type":"FlowProperty","@id":"93a60a56-a3c8-17da-a746-0800200c9a66","name":"Radioactivity"},"conversionFactor":1.0}]}