{"@context":"http://greendelta.github.io/olca-schema/context.jsonld","@type":"Flow","@id":"56b7d3b6-83d7-42b0-a65b-5ad23e29db47","name":"Methane, chlorodifluoro-, HCFC-22","version":"00.00.000","category":{"@type":"Category","@id":"52d41f57-0e7d-35cf-b4ea-7c9d6c2f9c28","name":"low population density"},"flowType":"ELEMENTARY_FLOW","cas":"000075-45-6","formula":"CHClF2","infrastructureFlow":false,"flowProperties":[{"@type":"FlowPropertyFactor","referenceFlowProperty":true,"flowProperty":{"@type":"FlowProperty","@id":"93a60a56-a3c8-11da-a746-0800200b9a66","name":"Mass"},"conversionFactor":1.0}]}