{"@context":"http://greendelta.github.io/olca-schema/context.jsonld","@type":"Flow","@id":"57143e51-0735-4a00-908f-669824d79cce","name":"Hydrogen-3, Tritium","version":"00.00.000","category":{"@type":"Category","@id":"38e33019-f897-3977-be83-953478aa1db1","name":"agricultural"},"flowType":"ELEMENTARY_FLOW","cas":"010028-17-8","infrastructureFlow":false,"flowProperties":[{"@type":"FlowPropertyFactor","referenceFlowProperty":true,"flowProperty":{"@type":"FlowProperty","@id":"93a60a56-a3c8-17da-a746-0800200c9a66","name":"Radioactivity"},"conversionFactor":1.0}]}