{"@context":"http://greendelta.github.io/olca-schema/context.jsonld","@type":"Flow","@id":"588356df-f3b4-43a7-a76e-c47175a7eae0","name":"Carbon monoxide, biogenic","version":"00.00.000","category":{"@type":"Category","@id":"bba51547-77d9-3c3a-a99b-19a89cabe6fc","name":"low population density, long-term"},"flowType":"ELEMENTARY_FLOW","cas":"000630-08-0","formula":"CO","infrastructureFlow":false,"flowProperties":[{"@type":"FlowPropertyFactor","referenceFlowProperty":true,"flowProperty":{"@type":"FlowProperty","@id":"93a60a56-a3c8-11da-a746-0800200b9a66","name":"Mass"},"conversionFactor":1.0}]}