{"@context":"http://greendelta.github.io/olca-schema/context.jsonld","@type":"Flow","@id":"5d1701c5-c4ef-49c7-8a68-ce7c255eee9f","name":"Ethane, pentafluoro-, HFC-125","version":"00.00.000","category":{"@type":"Category","@id":"148f2fea-51d6-3300-89e9-98d4bfad0b18","name":"high population density"},"flowType":"ELEMENTARY_FLOW","cas":"000354-33-6","formula":"C2HF5","infrastructureFlow":false,"flowProperties":[{"@type":"FlowPropertyFactor","referenceFlowProperty":true,"flowProperty":{"@type":"FlowProperty","@id":"93a60a56-a3c8-11da-a746-0800200b9a66","name":"Mass"},"conversionFactor":1.0}]}