{"@context":"http://greendelta.github.io/olca-schema/context.jsonld","@type":"Flow","@id":"5df2d9f5-971f-4f15-9abb-fcf916385a30","name":"Ether, nonafluorobutane ethyl-, HFE569sf2 (HFE-7200)","version":"00.00.000","category":{"@type":"Category","@id":"5ee13ccb-a299-3d36-8d7e-be8281e8891a","name":"unspecified"},"flowType":"ELEMENTARY_FLOW","cas":"163702-05-4","formula":"C4F9OC2H5","infrastructureFlow":false,"flowProperties":[{"@type":"FlowPropertyFactor","referenceFlowProperty":true,"flowProperty":{"@type":"FlowProperty","@id":"93a60a56-a3c8-11da-a746-0800200b9a66","name":"Mass"},"conversionFactor":1.0}]}