{"@context":"http://greendelta.github.io/olca-schema/context.jsonld","@type":"Flow","@id":"5dfb74d2-fa15-4f2d-bf7c-5aa45a41ec7f","name":"Methane, chlorotrifluoro-, CFC-13","version":"00.00.000","category":{"@type":"Category","@id":"bba51547-77d9-3c3a-a99b-19a89cabe6fc","name":"low population density, long-term"},"flowType":"ELEMENTARY_FLOW","cas":"000075-72-9","formula":"CClF3","infrastructureFlow":false,"flowProperties":[{"@type":"FlowPropertyFactor","referenceFlowProperty":true,"flowProperty":{"@type":"FlowProperty","@id":"93a60a56-a3c8-11da-a746-0800200b9a66","name":"Mass"},"conversionFactor":1.0}]}