{"@context":"http://greendelta.github.io/olca-schema/context.jsonld","@type":"Flow","@id":"5eb2d548-1694-496d-b3bd-a439984fca7d","name":"Ethane, 1,1,1-trifluoro-, HFC-143a","version":"00.00.000","category":{"@type":"Category","@id":"038095b2-75fe-33b1-aa7f-5d74b7bb38fa","name":"lower stratosphere + upper troposphere"},"flowType":"ELEMENTARY_FLOW","cas":"000420-46-2","formula":"C2H3F3","infrastructureFlow":false,"flowProperties":[{"@type":"FlowPropertyFactor","referenceFlowProperty":true,"flowProperty":{"@type":"FlowProperty","@id":"93a60a56-a3c8-11da-a746-0800200b9a66","name":"Mass"},"conversionFactor":1.0}]}