{"@context":"http://greendelta.github.io/olca-schema/context.jsonld","@type":"Flow","@id":"5fdd9587-d2b4-4358-8766-47acf439efa7","name":"Ether, 1,1,2,3,3,3-Hexafluoropropyl methyl-, HFE-356pcf2","version":"00.00.000","category":{"@type":"Category","@id":"5ee13ccb-a299-3d36-8d7e-be8281e8891a","name":"unspecified"},"flowType":"ELEMENTARY_FLOW","cas":"E1730137","infrastructureFlow":false,"flowProperties":[{"@type":"FlowPropertyFactor","referenceFlowProperty":true,"flowProperty":{"@type":"FlowProperty","@id":"93a60a56-a3c8-11da-a746-0800200b9a66","name":"Mass"},"conversionFactor":1.0}]}