{"@context":"http://greendelta.github.io/olca-schema/context.jsonld","@type":"Flow","@id":"60268f3d-468b-487e-acb1-24d7250cb6b3","name":"Ethane, 2-chloro-1,1,1,2-tetrafluoro-, HCFC-124","version":"00.00.000","category":{"@type":"Category","@id":"5ee13ccb-a299-3d36-8d7e-be8281e8891a","name":"unspecified"},"flowType":"ELEMENTARY_FLOW","cas":"002837-89-0","formula":"C2HClF4","infrastructureFlow":false,"flowProperties":[{"@type":"FlowPropertyFactor","referenceFlowProperty":true,"flowProperty":{"@type":"FlowProperty","@id":"93a60a56-a3c8-11da-a746-0800200b9a66","name":"Mass"},"conversionFactor":1.0}]}