{"@context":"http://greendelta.github.io/olca-schema/context.jsonld","@type":"Flow","@id":"604f9273-f26b-46be-83a7-3a65280011d1","name":"Particulates, \u003e 2.5 um, and \u003c 10um","version":"00.00.000","category":{"@type":"Category","@id":"038095b2-75fe-33b1-aa7f-5d74b7bb38fa","name":"lower stratosphere + upper troposphere"},"flowType":"ELEMENTARY_FLOW","formula":"PM10-PM2.5","infrastructureFlow":false,"flowProperties":[{"@type":"FlowPropertyFactor","referenceFlowProperty":true,"flowProperty":{"@type":"FlowProperty","@id":"93a60a56-a3c8-11da-a746-0800200b9a66","name":"Mass"},"conversionFactor":1.0}]}