{"@context":"http://greendelta.github.io/olca-schema/context.jsonld","@type":"Flow","@id":"618c3a74-5b36-4d8a-b94f-26b8270448f8","name":"Iodine-131","version":"00.00.000","category":{"@type":"Category","@id":"fab13f44-02b6-39d4-b75b-1fef2146c199","name":"unspecified"},"flowType":"ELEMENTARY_FLOW","cas":"010043-66-0","formula":"I-131","infrastructureFlow":false,"flowProperties":[{"@type":"FlowPropertyFactor","referenceFlowProperty":true,"flowProperty":{"@type":"FlowProperty","@id":"93a60a56-a3c8-17da-a746-0800200c9a66","name":"Radioactivity"},"conversionFactor":1.0}]}