{"@context":"http://greendelta.github.io/olca-schema/context.jsonld","@type":"Flow","@id":"626f6367-4efa-41aa-8f01-6a9e7a5a6385","name":"Methane, bromodifluoro-, Halon 1201","version":"00.00.000","category":{"@type":"Category","@id":"bba51547-77d9-3c3a-a99b-19a89cabe6fc","name":"low population density, long-term"},"flowType":"ELEMENTARY_FLOW","cas":"001511-62-2","infrastructureFlow":false,"flowProperties":[{"@type":"FlowPropertyFactor","referenceFlowProperty":true,"flowProperty":{"@type":"FlowProperty","@id":"93a60a56-a3c8-11da-a746-0800200b9a66","name":"Mass"},"conversionFactor":1.0}]}