{"@context":"http://greendelta.github.io/olca-schema/context.jsonld","@type":"Flow","@id":"63891f6c-60bb-43e4-9c47-5bdb34889aa0","name":"Ether, 1,1,2,2-Tetrafluoroethyl methyl-, HFE-254cb2","version":"00.00.000","category":{"@type":"Category","@id":"148f2fea-51d6-3300-89e9-98d4bfad0b18","name":"high population density"},"flowType":"ELEMENTARY_FLOW","cas":"000425-88-7","infrastructureFlow":false,"flowProperties":[{"@type":"FlowPropertyFactor","referenceFlowProperty":true,"flowProperty":{"@type":"FlowProperty","@id":"93a60a56-a3c8-11da-a746-0800200b9a66","name":"Mass"},"conversionFactor":1.0}]}