{"@context":"http://greendelta.github.io/olca-schema/context.jsonld","@type":"Flow","@id":"66020d27-7ae4-4e59-83a3-89214b72c40a","name":"Particulates, \u003e 10 um","version":"00.00.000","category":{"@type":"Category","@id":"5ee13ccb-a299-3d36-8d7e-be8281e8891a","name":"unspecified"},"flowType":"ELEMENTARY_FLOW","formula":"TPM-PM10","infrastructureFlow":false,"flowProperties":[{"@type":"FlowPropertyFactor","referenceFlowProperty":true,"flowProperty":{"@type":"FlowProperty","@id":"93a60a56-a3c8-11da-a746-0800200b9a66","name":"Mass"},"conversionFactor":1.0}]}