{"@context":"http://greendelta.github.io/olca-schema/context.jsonld","@type":"Flow","@id":"66dd36e5-37d1-48cd-a937-42e394f9ad10","name":"Propane, 3,3-dichloro-1,1,1,2,2-pentafluoro-, HCFC-225ca","version":"00.00.000","category":{"@type":"Category","@id":"bba51547-77d9-3c3a-a99b-19a89cabe6fc","name":"low population density, long-term"},"flowType":"ELEMENTARY_FLOW","cas":"000422-56-0","infrastructureFlow":false,"flowProperties":[{"@type":"FlowPropertyFactor","referenceFlowProperty":true,"flowProperty":{"@type":"FlowProperty","@id":"93a60a56-a3c8-11da-a746-0800200b9a66","name":"Mass"},"conversionFactor":1.0}]}