{"@context":"http://greendelta.github.io/olca-schema/context.jsonld","@type":"Flow","@id":"66f50b33-fd62-4fdd-a373-c5b0de7de00d","name":"Particulates, \u003c 2.5 um","version":"00.00.000","category":{"@type":"Category","@id":"52d41f57-0e7d-35cf-b4ea-7c9d6c2f9c28","name":"low population density"},"flowType":"ELEMENTARY_FLOW","formula":"PM2.5","infrastructureFlow":false,"flowProperties":[{"@type":"FlowPropertyFactor","referenceFlowProperty":true,"flowProperty":{"@type":"FlowProperty","@id":"93a60a56-a3c8-11da-a746-0800200b9a66","name":"Mass"},"conversionFactor":1.0}]}