{"@context":"http://greendelta.github.io/olca-schema/context.jsonld","@type":"Flow","@id":"67304199-c569-44bc-bd83-17cffe87b61a","name":"Ether, 1,1,2,2-Tetrafluoroethyl methyl-, HFE-254cb2","version":"00.00.000","category":{"@type":"Category","@id":"52d41f57-0e7d-35cf-b4ea-7c9d6c2f9c28","name":"low population density"},"flowType":"ELEMENTARY_FLOW","cas":"000425-88-7","infrastructureFlow":false,"flowProperties":[{"@type":"FlowPropertyFactor","referenceFlowProperty":true,"flowProperty":{"@type":"FlowProperty","@id":"93a60a56-a3c8-11da-a746-0800200b9a66","name":"Mass"},"conversionFactor":1.0}]}