{"@context":"http://greendelta.github.io/olca-schema/context.jsonld","@type":"Flow","@id":"67b5f511-45bc-4612-8bbb-282b83eb725a","name":"Particulates, \u003c 10 um (mobile)","version":"00.00.000","category":{"@type":"Category","@id":"5ee13ccb-a299-3d36-8d7e-be8281e8891a","name":"unspecified"},"flowType":"ELEMENTARY_FLOW","infrastructureFlow":false,"flowProperties":[{"@type":"FlowPropertyFactor","referenceFlowProperty":true,"flowProperty":{"@type":"FlowProperty","@id":"93a60a56-a3c8-11da-a746-0800200b9a66","name":"Mass"},"conversionFactor":1.0}]}