{"@context":"http://greendelta.github.io/olca-schema/context.jsonld","@type":"Flow","@id":"67c19573-200d-4457-aa4c-decd78a02ffb","name":"Silver-110","version":"00.00.000","category":{"@type":"Category","@id":"44c00cf2-fa62-34b8-802b-4889d283c3ba","name":"fresh water, long-term"},"flowType":"ELEMENTARY_FLOW","cas":"014391-76-5","infrastructureFlow":false,"flowProperties":[{"@type":"FlowPropertyFactor","referenceFlowProperty":true,"flowProperty":{"@type":"FlowProperty","@id":"93a60a56-a3c8-17da-a746-0800200c9a66","name":"Radioactivity"},"conversionFactor":1.0}]}