{"@context":"http://greendelta.github.io/olca-schema/context.jsonld","@type":"Flow","@id":"6bdb666d-e227-4f57-9b1d-d25009d3c44b","name":"Methane, bromo-, Halon 1001","version":"00.00.000","category":{"@type":"Category","@id":"038095b2-75fe-33b1-aa7f-5d74b7bb38fa","name":"lower stratosphere + upper troposphere"},"flowType":"ELEMENTARY_FLOW","cas":"000074-83-9","formula":"CH3Br","infrastructureFlow":false,"flowProperties":[{"@type":"FlowPropertyFactor","referenceFlowProperty":true,"flowProperty":{"@type":"FlowProperty","@id":"93a60a56-a3c8-11da-a746-0800200b9a66","name":"Mass"},"conversionFactor":1.0}]}