{"@context":"http://greendelta.github.io/olca-schema/context.jsonld","@type":"Flow","@id":"6ce44f77-d181-4396-8fa2-2276eeeb4c08","name":"Sulfur dioxide","version":"00.00.000","category":{"@type":"Category","@id":"bba51547-77d9-3c3a-a99b-19a89cabe6fc","name":"low population density, long-term"},"flowType":"ELEMENTARY_FLOW","cas":"007446-09-5","formula":"SOx as SO2","infrastructureFlow":false,"flowProperties":[{"@type":"FlowPropertyFactor","referenceFlowProperty":true,"flowProperty":{"@type":"FlowProperty","@id":"93a60a56-a3c8-11da-a746-0800200b9a66","name":"Mass"},"conversionFactor":1.0}]}