{"@context":"http://greendelta.github.io/olca-schema/context.jsonld","@type":"Flow","@id":"6defdb73-84b9-46dc-a7cf-9c81d00a9666","name":"Propane, 1,1,1,2,2,3-hexafluoro-, HFC-236cb","version":"00.00.000","category":{"@type":"Category","@id":"bba51547-77d9-3c3a-a99b-19a89cabe6fc","name":"low population density, long-term"},"flowType":"ELEMENTARY_FLOW","cas":"000677-56-5","infrastructureFlow":false,"flowProperties":[{"@type":"FlowPropertyFactor","referenceFlowProperty":true,"flowProperty":{"@type":"FlowProperty","@id":"93a60a56-a3c8-11da-a746-0800200b9a66","name":"Mass"},"conversionFactor":1.0}]}