{"@context":"http://greendelta.github.io/olca-schema/context.jsonld","@type":"Flow","@id":"6fae9979-43ec-4675-8714-671731b4e283","name":"Carbon-14","version":"00.00.000","category":{"@type":"Category","@id":"fcdb9418-2c9b-3a06-9b46-b280afc50970","name":"ground water"},"flowType":"ELEMENTARY_FLOW","cas":"014762-75-5","formula":"C-14","infrastructureFlow":false,"flowProperties":[{"@type":"FlowPropertyFactor","referenceFlowProperty":true,"flowProperty":{"@type":"FlowProperty","@id":"93a60a56-a3c8-17da-a746-0800200c9a66","name":"Radioactivity"},"conversionFactor":1.0}]}