{"@context":"http://greendelta.github.io/olca-schema/context.jsonld","@type":"Flow","@id":"6fccbcea-27bd-4368-8db2-7ce5aa3b0c80","name":"Cesium-137","version":"00.00.000","category":{"@type":"Category","@id":"e3804097-c37d-3ae2-9b0b-a4acc407e6e2","name":"ground water, long-term"},"flowType":"ELEMENTARY_FLOW","cas":"010045-97-3","formula":"Cs-137","infrastructureFlow":false,"flowProperties":[{"@type":"FlowPropertyFactor","referenceFlowProperty":true,"flowProperty":{"@type":"FlowProperty","@id":"93a60a56-a3c8-17da-a746-0800200c9a66","name":"Radioactivity"},"conversionFactor":1.0}]}