{"@context":"http://greendelta.github.io/olca-schema/context.jsonld","@type":"Flow","@id":"71a6ea76-6642-4573-bed2-c1884e6792fd","name":"Ethane, 2-chloro-1,1,1,2-tetrafluoro-, HCFC-124","version":"00.00.000","category":{"@type":"Category","@id":"52d41f57-0e7d-35cf-b4ea-7c9d6c2f9c28","name":"low population density"},"flowType":"ELEMENTARY_FLOW","cas":"002837-89-0","formula":"C2HClF4","infrastructureFlow":false,"flowProperties":[{"@type":"FlowPropertyFactor","referenceFlowProperty":true,"flowProperty":{"@type":"FlowProperty","@id":"93a60a56-a3c8-11da-a746-0800200b9a66","name":"Mass"},"conversionFactor":1.0}]}