{"@context":"http://greendelta.github.io/olca-schema/context.jsonld","@type":"Flow","@id":"729eac4f-0339-4d0f-8956-a71ebe20a527","name":"Manganese-54","version":"00.00.000","category":{"@type":"Category","@id":"fab13f44-02b6-39d4-b75b-1fef2146c199","name":"unspecified"},"flowType":"ELEMENTARY_FLOW","cas":"013966-31-9","formula":"Mn-54","infrastructureFlow":false,"flowProperties":[{"@type":"FlowPropertyFactor","referenceFlowProperty":true,"flowProperty":{"@type":"FlowProperty","@id":"93a60a56-a3c8-17da-a746-0800200c9a66","name":"Radioactivity"},"conversionFactor":1.0}]}