{"@context":"http://greendelta.github.io/olca-schema/context.jsonld","@type":"Flow","@id":"7338e7d2-63f2-4705-882f-142bf4770560","name":"Ether, difluoromethyl 2,2,2-trifluoroethyl-, HFE-245cb2","version":"00.00.000","category":{"@type":"Category","@id":"5ee13ccb-a299-3d36-8d7e-be8281e8891a","name":"unspecified"},"flowType":"ELEMENTARY_FLOW","cas":"022410-44-2","formula":"CH3OCF2CHF2","infrastructureFlow":false,"flowProperties":[{"@type":"FlowPropertyFactor","referenceFlowProperty":true,"flowProperty":{"@type":"FlowProperty","@id":"93a60a56-a3c8-11da-a746-0800200b9a66","name":"Mass"},"conversionFactor":1.0}]}