{"@context":"http://greendelta.github.io/olca-schema/context.jsonld","@type":"Flow","@id":"75f79309-bfa1-42ed-addb-48c13017e11b","name":"Methane, bromodifluoro-, Halon 1201","version":"00.00.000","category":{"@type":"Category","@id":"148f2fea-51d6-3300-89e9-98d4bfad0b18","name":"high population density"},"flowType":"ELEMENTARY_FLOW","cas":"001511-62-2","infrastructureFlow":false,"flowProperties":[{"@type":"FlowPropertyFactor","referenceFlowProperty":true,"flowProperty":{"@type":"FlowProperty","@id":"93a60a56-a3c8-11da-a746-0800200b9a66","name":"Mass"},"conversionFactor":1.0}]}