{"@context":"http://greendelta.github.io/olca-schema/context.jsonld","@type":"Flow","@id":"77ac8069-43bb-43e3-ba95-8e7b0515772d","name":"Ether, pentafluorodimethyl-, HFE-125","version":"00.00.000","category":{"@type":"Category","@id":"148f2fea-51d6-3300-89e9-98d4bfad0b18","name":"high population density"},"flowType":"ELEMENTARY_FLOW","cas":"003822-68-2","infrastructureFlow":false,"flowProperties":[{"@type":"FlowPropertyFactor","referenceFlowProperty":true,"flowProperty":{"@type":"FlowProperty","@id":"93a60a56-a3c8-11da-a746-0800200b9a66","name":"Mass"},"conversionFactor":1.0}]}