{"@context":"http://greendelta.github.io/olca-schema/context.jsonld","@type":"Flow","@id":"7ab5611b-c200-464f-8edf-b7b59ca1889d","name":"Cobalt-58","version":"00.00.000","category":{"@type":"Category","@id":"148f2fea-51d6-3300-89e9-98d4bfad0b18","name":"high population density"},"flowType":"ELEMENTARY_FLOW","cas":"013981-38-9","formula":"Co-58","infrastructureFlow":false,"flowProperties":[{"@type":"FlowPropertyFactor","referenceFlowProperty":true,"flowProperty":{"@type":"FlowProperty","@id":"93a60a56-a3c8-17da-a746-0800200c9a66","name":"Radioactivity"},"conversionFactor":1.0}]}