{"@context":"http://greendelta.github.io/olca-schema/context.jsonld","@type":"Flow","@id":"7b87ce50-ede0-40fa-a3ee-5f72553af0e7","name":"Cesium-137","version":"00.00.000","category":{"@type":"Category","@id":"5ee13ccb-a299-3d36-8d7e-be8281e8891a","name":"unspecified"},"flowType":"ELEMENTARY_FLOW","cas":"010045-97-3","formula":"Cs-137","infrastructureFlow":false,"flowProperties":[{"@type":"FlowPropertyFactor","referenceFlowProperty":true,"flowProperty":{"@type":"FlowProperty","@id":"93a60a56-a3c8-17da-a746-0800200c9a66","name":"Radioactivity"},"conversionFactor":1.0}]}