{"@context":"http://greendelta.github.io/olca-schema/context.jsonld","@type":"Flow","@id":"7f62f535-e81a-476c-9c39-4d59f289db1a","name":"Ethane, hexafluoro-, HFC-116","version":"00.00.000","category":{"@type":"Category","@id":"038095b2-75fe-33b1-aa7f-5d74b7bb38fa","name":"lower stratosphere + upper troposphere"},"flowType":"ELEMENTARY_FLOW","cas":"000076-16-4","formula":"C2F6","infrastructureFlow":false,"flowProperties":[{"@type":"FlowPropertyFactor","referenceFlowProperty":true,"flowProperty":{"@type":"FlowProperty","@id":"93a60a56-a3c8-11da-a746-0800200b9a66","name":"Mass"},"conversionFactor":1.0}]}