{"@context":"http://greendelta.github.io/olca-schema/context.jsonld","@type":"Flow","@id":"81305cda-63f1-4c1a-99c6-2c2568550ec4","name":"Dinitrogen monoxide","version":"00.00.000","category":{"@type":"Category","@id":"bba51547-77d9-3c3a-a99b-19a89cabe6fc","name":"low population density, long-term"},"flowType":"ELEMENTARY_FLOW","cas":"010024-97-2","formula":"N2O","infrastructureFlow":false,"flowProperties":[{"@type":"FlowPropertyFactor","referenceFlowProperty":true,"flowProperty":{"@type":"FlowProperty","@id":"93a60a56-a3c8-11da-a746-0800200b9a66","name":"Mass"},"conversionFactor":1.0}]}