{"@context":"http://greendelta.github.io/olca-schema/context.jsonld","@type":"Flow","@id":"818cee9e-231c-4b53-8ed2-47a0001802d5","name":"Ethane, 1,1,1-trichloro-, HCFC-140","version":"00.00.000","category":{"@type":"Category","@id":"148f2fea-51d6-3300-89e9-98d4bfad0b18","name":"high population density"},"flowType":"ELEMENTARY_FLOW","cas":"000071-55-6","formula":"C2H3Cl3","infrastructureFlow":false,"flowProperties":[{"@type":"FlowPropertyFactor","referenceFlowProperty":true,"flowProperty":{"@type":"FlowProperty","@id":"93a60a56-a3c8-11da-a746-0800200b9a66","name":"Mass"},"conversionFactor":1.0}]}