{"@context":"http://greendelta.github.io/olca-schema/context.jsonld","@type":"Flow","@id":"8228e37e-d702-40a8-a08a-b72931815ec8","name":"Cesium-134","version":"00.00.000","category":{"@type":"Category","@id":"44c00cf2-fa62-34b8-802b-4889d283c3ba","name":"fresh water, long-term"},"flowType":"ELEMENTARY_FLOW","cas":"013967-70-9","infrastructureFlow":false,"flowProperties":[{"@type":"FlowPropertyFactor","referenceFlowProperty":true,"flowProperty":{"@type":"FlowProperty","@id":"93a60a56-a3c8-17da-a746-0800200c9a66","name":"Radioactivity"},"conversionFactor":1.0}]}