{"@context":"http://greendelta.github.io/olca-schema/context.jsonld","@type":"Flow","@id":"84386543-b148-465b-9265-ad638c12e263","name":"Ethane, pentafluoro-, HFC-125","version":"00.00.000","category":{"@type":"Category","@id":"52d41f57-0e7d-35cf-b4ea-7c9d6c2f9c28","name":"low population density"},"flowType":"ELEMENTARY_FLOW","cas":"000354-33-6","formula":"C2HF5","infrastructureFlow":false,"flowProperties":[{"@type":"FlowPropertyFactor","referenceFlowProperty":true,"flowProperty":{"@type":"FlowProperty","@id":"93a60a56-a3c8-11da-a746-0800200b9a66","name":"Mass"},"conversionFactor":1.0}]}