{"@context":"http://greendelta.github.io/olca-schema/context.jsonld","@type":"Flow","@id":"843fd145-61ac-4fa7-a608-ce4ac4d88d49","name":"Ethane, 1,1-dichloro-1-fluoro-, HCFC-141b","version":"00.00.000","category":{"@type":"Category","@id":"5ee13ccb-a299-3d36-8d7e-be8281e8891a","name":"unspecified"},"flowType":"ELEMENTARY_FLOW","cas":"001717-00-6","formula":"C2H3Cl2F","infrastructureFlow":false,"flowProperties":[{"@type":"FlowPropertyFactor","referenceFlowProperty":true,"flowProperty":{"@type":"FlowProperty","@id":"93a60a56-a3c8-11da-a746-0800200b9a66","name":"Mass"},"conversionFactor":1.0}]}