{"@context":"http://greendelta.github.io/olca-schema/context.jsonld","@type":"Flow","@id":"84caf3fe-dab4-4150-be3f-12696641cbea","name":"Ether, 2,2,3,3,3-Pentafluoropropyl methyl-, HFE-365mcf3","version":"00.00.000","category":{"@type":"Category","@id":"bba51547-77d9-3c3a-a99b-19a89cabe6fc","name":"low population density, long-term"},"flowType":"ELEMENTARY_FLOW","cas":"000378-16-5","infrastructureFlow":false,"flowProperties":[{"@type":"FlowPropertyFactor","referenceFlowProperty":true,"flowProperty":{"@type":"FlowProperty","@id":"93a60a56-a3c8-11da-a746-0800200b9a66","name":"Mass"},"conversionFactor":1.0}]}