{"@context":"http://greendelta.github.io/olca-schema/context.jsonld","@type":"Flow","@id":"84e2e7a7-d2db-4370-b478-65e5904fb16f","name":"Ethane, 1,1,1,2-tetrafluoro-2-bromo-, Halon 2401","version":"00.00.000","category":{"@type":"Category","@id":"bba51547-77d9-3c3a-a99b-19a89cabe6fc","name":"low population density, long-term"},"flowType":"ELEMENTARY_FLOW","cas":"000124-72-1","infrastructureFlow":false,"flowProperties":[{"@type":"FlowPropertyFactor","referenceFlowProperty":true,"flowProperty":{"@type":"FlowProperty","@id":"93a60a56-a3c8-11da-a746-0800200b9a66","name":"Mass"},"conversionFactor":1.0}]}