{"@context":"http://greendelta.github.io/olca-schema/context.jsonld","@type":"Flow","@id":"856c9aa2-c20c-49a8-9417-c71bdb5f17b0","name":"Sulfur hexafluoride","version":"00.00.000","category":{"@type":"Category","@id":"148f2fea-51d6-3300-89e9-98d4bfad0b18","name":"high population density"},"flowType":"ELEMENTARY_FLOW","cas":"002551-62-4","formula":"SF6","infrastructureFlow":false,"flowProperties":[{"@type":"FlowPropertyFactor","referenceFlowProperty":true,"flowProperty":{"@type":"FlowProperty","@id":"93a60a56-a3c8-11da-a746-0800200b9a66","name":"Mass"},"conversionFactor":1.0}]}