{"@context":"http://greendelta.github.io/olca-schema/context.jsonld","@type":"Flow","@id":"86d12e70-0c64-4ecf-ba52-114fa0c5d402","name":"Methane, tetrachloro-, R-10","version":"00.00.000","category":{"@type":"Category","@id":"5ee13ccb-a299-3d36-8d7e-be8281e8891a","name":"unspecified"},"flowType":"ELEMENTARY_FLOW","cas":"000056-23-5","formula":"CCl4","infrastructureFlow":false,"flowProperties":[{"@type":"FlowPropertyFactor","referenceFlowProperty":true,"flowProperty":{"@type":"FlowProperty","@id":"93a60a56-a3c8-11da-a746-0800200b9a66","name":"Mass"},"conversionFactor":1.0}]}