{"@context":"http://greendelta.github.io/olca-schema/context.jsonld","@type":"Flow","@id":"87e68018-eac4-4935-9d0b-a61d4be6f147","name":"Silver-110","version":"00.00.000","category":{"@type":"Category","@id":"bba51547-77d9-3c3a-a99b-19a89cabe6fc","name":"low population density, long-term"},"flowType":"ELEMENTARY_FLOW","cas":"014391-76-5","formula":"Ag-110m","infrastructureFlow":false,"flowProperties":[{"@type":"FlowPropertyFactor","referenceFlowProperty":true,"flowProperty":{"@type":"FlowProperty","@id":"93a60a56-a3c8-17da-a746-0800200c9a66","name":"Radioactivity"},"conversionFactor":1.0}]}