{"@context":"http://greendelta.github.io/olca-schema/context.jsonld","@type":"Flow","@id":"897ec6a5-af78-453f-abdf-32233d0a30bf","name":"Iodine-131","version":"00.00.000","category":{"@type":"Category","@id":"bcf882d6-0577-3737-861a-539dae490716","name":"ocean"},"flowType":"ELEMENTARY_FLOW","cas":"010043-66-0","formula":"I-131","infrastructureFlow":false,"flowProperties":[{"@type":"FlowPropertyFactor","referenceFlowProperty":true,"flowProperty":{"@type":"FlowProperty","@id":"93a60a56-a3c8-17da-a746-0800200c9a66","name":"Radioactivity"},"conversionFactor":1.0}]}