{"@context":"http://greendelta.github.io/olca-schema/context.jsonld","@type":"Flow","@id":"8c193650-c4ae-4e9a-b25b-eaa7b2b9ea2d","name":"Ethane, 1,1-dichloro-1-fluoro-, HCFC-141b","version":"00.00.000","category":{"@type":"Category","@id":"038095b2-75fe-33b1-aa7f-5d74b7bb38fa","name":"lower stratosphere + upper troposphere"},"flowType":"ELEMENTARY_FLOW","cas":"001717-00-6","formula":"C2H3Cl2F","infrastructureFlow":false,"flowProperties":[{"@type":"FlowPropertyFactor","referenceFlowProperty":true,"flowProperty":{"@type":"FlowProperty","@id":"93a60a56-a3c8-11da-a746-0800200b9a66","name":"Mass"},"conversionFactor":1.0}]}