{"@context":"http://greendelta.github.io/olca-schema/context.jsonld","@type":"Flow","@id":"8c869ccc-3964-40be-9217-8c6aae5f8963","name":"Carbon-14","version":"00.00.000","category":{"@type":"Category","@id":"e3eb990a-bf00-358a-aa44-453c07c8a464","name":"river"},"flowType":"ELEMENTARY_FLOW","cas":"014762-75-5","formula":"C-14","infrastructureFlow":false,"flowProperties":[{"@type":"FlowPropertyFactor","referenceFlowProperty":true,"flowProperty":{"@type":"FlowProperty","@id":"93a60a56-a3c8-17da-a746-0800200c9a66","name":"Radioactivity"},"conversionFactor":1.0}]}