{"@context":"http://greendelta.github.io/olca-schema/context.jsonld","@type":"Flow","@id":"8f2b8012-eda6-4f3f-9ae2-8ad10b5866f7","name":"Cesium-134","version":"00.00.000","category":{"@type":"Category","@id":"bba51547-77d9-3c3a-a99b-19a89cabe6fc","name":"low population density, long-term"},"flowType":"ELEMENTARY_FLOW","cas":"013967-70-9","formula":"Cs-134","infrastructureFlow":false,"flowProperties":[{"@type":"FlowPropertyFactor","referenceFlowProperty":true,"flowProperty":{"@type":"FlowProperty","@id":"93a60a56-a3c8-17da-a746-0800200c9a66","name":"Radioactivity"},"conversionFactor":1.0}]}