{"@context":"http://greendelta.github.io/olca-schema/context.jsonld","@type":"Flow","@id":"8f87dcf1-0177-4d62-bea0-a5dd8647ef8c","name":"Methane, trifluoro-, HFC-23","version":"00.00.000","category":{"@type":"Category","@id":"148f2fea-51d6-3300-89e9-98d4bfad0b18","name":"high population density"},"flowType":"ELEMENTARY_FLOW","cas":"000075-46-7","formula":"CHF3","infrastructureFlow":false,"flowProperties":[{"@type":"FlowPropertyFactor","referenceFlowProperty":true,"flowProperty":{"@type":"FlowProperty","@id":"93a60a56-a3c8-11da-a746-0800200b9a66","name":"Mass"},"conversionFactor":1.0}]}