{"@context":"http://greendelta.github.io/olca-schema/context.jsonld","@type":"Flow","@id":"902b7ebc-68a8-4dd3-b67a-6087db8c0971","name":"Hydrogen-3, Tritium","version":"00.00.000","category":{"@type":"Category","@id":"e3804097-c37d-3ae2-9b0b-a4acc407e6e2","name":"ground water, long-term"},"flowType":"ELEMENTARY_FLOW","cas":"010028-17-8","formula":"H-3","infrastructureFlow":false,"flowProperties":[{"@type":"FlowPropertyFactor","referenceFlowProperty":true,"flowProperty":{"@type":"FlowProperty","@id":"93a60a56-a3c8-17da-a746-0800200c9a66","name":"Radioactivity"},"conversionFactor":1.0}]}