{"@context":"http://greendelta.github.io/olca-schema/context.jsonld","@type":"Flow","@id":"92c58ab9-8864-45ea-86b2-00698ecc9df7","name":"Cobalt-60","version":"00.00.000","category":{"@type":"Category","@id":"755f4639-b7b4-347c-bf49-d107b88f20f8","name":"fresh water"},"flowType":"ELEMENTARY_FLOW","cas":"010198-40-0","formula":"Co-60","infrastructureFlow":false,"flowProperties":[{"@type":"FlowPropertyFactor","referenceFlowProperty":true,"flowProperty":{"@type":"FlowProperty","@id":"93a60a56-a3c8-17da-a746-0800200c9a66","name":"Radioactivity"},"conversionFactor":1.0}]}