{"@context":"http://greendelta.github.io/olca-schema/context.jsonld","@type":"Flow","@id":"94ca9e00-5268-4663-a0cd-25026c7c6b53","name":"Ethane, 1,1-difluoro-, HFC-152a","version":"00.00.000","category":{"@type":"Category","@id":"bba51547-77d9-3c3a-a99b-19a89cabe6fc","name":"low population density, long-term"},"flowType":"ELEMENTARY_FLOW","cas":"000075-37-6","formula":"C2H4F2","infrastructureFlow":false,"flowProperties":[{"@type":"FlowPropertyFactor","referenceFlowProperty":true,"flowProperty":{"@type":"FlowProperty","@id":"93a60a56-a3c8-11da-a746-0800200b9a66","name":"Mass"},"conversionFactor":1.0}]}