{"@context":"http://greendelta.github.io/olca-schema/context.jsonld","@type":"Flow","@id":"969698a1-70f0-49fd-865c-2cc51f0eaa07","name":"Propane, 1,1,2,2,3-pentafluoro-, HFC-245ca","version":"00.00.000","category":{"@type":"Category","@id":"148f2fea-51d6-3300-89e9-98d4bfad0b18","name":"high population density"},"flowType":"ELEMENTARY_FLOW","cas":"000679-86-7","infrastructureFlow":false,"flowProperties":[{"@type":"FlowPropertyFactor","referenceFlowProperty":true,"flowProperty":{"@type":"FlowProperty","@id":"93a60a56-a3c8-11da-a746-0800200b9a66","name":"Mass"},"conversionFactor":1.0}]}