{"@context":"http://greendelta.github.io/olca-schema/context.jsonld","@type":"Flow","@id":"99585564-bfce-4845-9aaa-2f24b8f26a41","name":"Ethane, 1,1,1-trichloro-, HCFC-140","version":"00.00.000","category":{"@type":"Category","@id":"52d41f57-0e7d-35cf-b4ea-7c9d6c2f9c28","name":"low population density"},"flowType":"ELEMENTARY_FLOW","cas":"000071-55-6","formula":"C2H3Cl3","infrastructureFlow":false,"flowProperties":[{"@type":"FlowPropertyFactor","referenceFlowProperty":true,"flowProperty":{"@type":"FlowProperty","@id":"93a60a56-a3c8-11da-a746-0800200b9a66","name":"Mass"},"conversionFactor":1.0}]}