{"@context":"http://greendelta.github.io/olca-schema/context.jsonld","@type":"Flow","@id":"9b132374-dce2-4ce0-86aa-53201b30f617","name":"Ethane, 1,1,2-trichloro-1,2,2-trifluoro-, CFC-113","version":"00.00.000","category":{"@type":"Category","@id":"148f2fea-51d6-3300-89e9-98d4bfad0b18","name":"high population density"},"flowType":"ELEMENTARY_FLOW","cas":"000076-13-1","formula":"C2Cl3F3","infrastructureFlow":false,"flowProperties":[{"@type":"FlowPropertyFactor","referenceFlowProperty":true,"flowProperty":{"@type":"FlowProperty","@id":"93a60a56-a3c8-11da-a746-0800200b9a66","name":"Mass"},"conversionFactor":1.0}]}