{"@context":"http://greendelta.github.io/olca-schema/context.jsonld","@type":"Flow","@id":"9be02ae0-3170-4544-8665-f03a1b43f2bd","name":"Hydrogen-3, Tritium","version":"00.00.000","category":{"@type":"Category","@id":"fab13f44-02b6-39d4-b75b-1fef2146c199","name":"unspecified"},"flowType":"ELEMENTARY_FLOW","cas":"010028-17-8","formula":"H-3","infrastructureFlow":false,"flowProperties":[{"@type":"FlowPropertyFactor","referenceFlowProperty":true,"flowProperty":{"@type":"FlowProperty","@id":"93a60a56-a3c8-17da-a746-0800200c9a66","name":"Radioactivity"},"conversionFactor":1.0}]}