{"@context":"http://greendelta.github.io/olca-schema/context.jsonld","@type":"Flow","@id":"9cf9bf0e-86fe-42c0-90cc-bfed96fbdc8f","name":"Ethane, 1,1-difluoro-, HFC-152a","version":"00.00.000","category":{"@type":"Category","@id":"5ee13ccb-a299-3d36-8d7e-be8281e8891a","name":"unspecified"},"flowType":"ELEMENTARY_FLOW","cas":"000075-37-6","formula":"C2H4F2","infrastructureFlow":false,"flowProperties":[{"@type":"FlowPropertyFactor","referenceFlowProperty":true,"flowProperty":{"@type":"FlowProperty","@id":"93a60a56-a3c8-11da-a746-0800200b9a66","name":"Mass"},"conversionFactor":1.0}]}