{"@context":"http://greendelta.github.io/olca-schema/context.jsonld","@type":"Flow","@id":"9d9bcab1-3c01-4e4b-a876-9b15c623735c","name":"Cobalt-60","version":"00.00.000","category":{"@type":"Category","@id":"fcdb9418-2c9b-3a06-9b46-b280afc50970","name":"ground water"},"flowType":"ELEMENTARY_FLOW","cas":"010198-40-0","formula":"Co-60","infrastructureFlow":false,"flowProperties":[{"@type":"FlowPropertyFactor","referenceFlowProperty":true,"flowProperty":{"@type":"FlowProperty","@id":"93a60a56-a3c8-17da-a746-0800200c9a66","name":"Radioactivity"},"conversionFactor":1.0}]}