{"@context":"http://greendelta.github.io/olca-schema/context.jsonld","@type":"Flow","@id":"a3847b2e-4372-4ee3-8ae7-d6d07420e94c","name":"Ethane, 1,2-dibromotetrafluoro-, Halon 2402","version":"00.00.000","category":{"@type":"Category","@id":"5ee13ccb-a299-3d36-8d7e-be8281e8891a","name":"unspecified"},"flowType":"ELEMENTARY_FLOW","cas":"000124-73-2","formula":"C2F4Br2","infrastructureFlow":false,"flowProperties":[{"@type":"FlowPropertyFactor","referenceFlowProperty":true,"flowProperty":{"@type":"FlowProperty","@id":"93a60a56-a3c8-11da-a746-0800200b9a66","name":"Mass"},"conversionFactor":1.0}]}