{"@context":"http://greendelta.github.io/olca-schema/context.jsonld","@type":"Flow","@id":"a6c6f2da-0694-443f-986c-916a30198266","name":"Methane, dibromo-","version":"00.00.000","category":{"@type":"Category","@id":"5ee13ccb-a299-3d36-8d7e-be8281e8891a","name":"unspecified"},"flowType":"ELEMENTARY_FLOW","cas":"000074-95-3","infrastructureFlow":false,"flowProperties":[{"@type":"FlowPropertyFactor","referenceFlowProperty":true,"flowProperty":{"@type":"FlowProperty","@id":"93a60a56-a3c8-11da-a746-0800200b9a66","name":"Mass"},"conversionFactor":1.0}]}