{"@context":"http://greendelta.github.io/olca-schema/context.jsonld","@type":"Flow","@id":"a9b63b1e-5f3d-4a4d-ad19-874738e9aca5","name":"Butane, perfluorocyclo-, PFC-318","version":"00.00.000","category":{"@type":"Category","@id":"52d41f57-0e7d-35cf-b4ea-7c9d6c2f9c28","name":"low population density"},"flowType":"ELEMENTARY_FLOW","cas":"000115-25-3","infrastructureFlow":false,"flowProperties":[{"@type":"FlowPropertyFactor","referenceFlowProperty":true,"flowProperty":{"@type":"FlowProperty","@id":"93a60a56-a3c8-11da-a746-0800200b9a66","name":"Mass"},"conversionFactor":1.0}]}