{"@context":"http://greendelta.github.io/olca-schema/context.jsonld","@type":"Flow","@id":"a9e65945-a4dd-42c2-89cf-81ad2eb6b0fd","name":"Cesium-137","version":"00.00.000","category":{"@type":"Category","@id":"52d41f57-0e7d-35cf-b4ea-7c9d6c2f9c28","name":"low population density"},"flowType":"ELEMENTARY_FLOW","cas":"010045-97-3","formula":"Cs-137","infrastructureFlow":false,"flowProperties":[{"@type":"FlowPropertyFactor","referenceFlowProperty":true,"flowProperty":{"@type":"FlowProperty","@id":"93a60a56-a3c8-17da-a746-0800200c9a66","name":"Radioactivity"},"conversionFactor":1.0}]}