{"@context":"http://greendelta.github.io/olca-schema/context.jsonld","@type":"Flow","@id":"aa225655-f340-461f-910c-e0f6920385c8","name":"tellurium-123","version":"00.00.000","category":{"@type":"Category","@id":"fab13f44-02b6-39d4-b75b-1fef2146c199","name":"unspecified"},"flowType":"ELEMENTARY_FLOW","infrastructureFlow":false,"flowProperties":[{"@type":"FlowPropertyFactor","referenceFlowProperty":true,"flowProperty":{"@type":"FlowProperty","@id":"93a60a56-a3c8-17da-a746-0800200c9a66","name":"Radioactivity"},"conversionFactor":1.0}]}