{"@context":"http://greendelta.github.io/olca-schema/context.jsonld","@type":"Flow","@id":"acc39720-dda7-4b3a-80c7-c6394cad4191","name":"Ethane, hexafluoro-, HFC-116","version":"00.00.000","category":{"@type":"Category","@id":"5ee13ccb-a299-3d36-8d7e-be8281e8891a","name":"unspecified"},"flowType":"ELEMENTARY_FLOW","cas":"000076-16-4","formula":"C2F6","infrastructureFlow":false,"flowProperties":[{"@type":"FlowPropertyFactor","referenceFlowProperty":true,"flowProperty":{"@type":"FlowProperty","@id":"93a60a56-a3c8-11da-a746-0800200b9a66","name":"Mass"},"conversionFactor":1.0}]}