{"@context":"http://greendelta.github.io/olca-schema/context.jsonld","@type":"Flow","@id":"b018c97d-8fea-4258-b4d3-6a65669c77f4","name":"Ethane, 1,1-dichloro-1-fluoro-, HCFC-141b","version":"00.00.000","category":{"@type":"Category","@id":"bba51547-77d9-3c3a-a99b-19a89cabe6fc","name":"low population density, long-term"},"flowType":"ELEMENTARY_FLOW","cas":"001717-00-6","formula":"C2H3Cl2F","infrastructureFlow":false,"flowProperties":[{"@type":"FlowPropertyFactor","referenceFlowProperty":true,"flowProperty":{"@type":"FlowProperty","@id":"93a60a56-a3c8-11da-a746-0800200b9a66","name":"Mass"},"conversionFactor":1.0}]}