{"@context":"http://greendelta.github.io/olca-schema/context.jsonld","@type":"Flow","@id":"b0216519-c660-4d09-ac4c-caebee0dcbd8","name":"Propane, 1,1,1,2,3,3-hexafluoro-, HFC-236ea","version":"00.00.000","category":{"@type":"Category","@id":"5ee13ccb-a299-3d36-8d7e-be8281e8891a","name":"unspecified"},"flowType":"ELEMENTARY_FLOW","cas":"000431-63-0","infrastructureFlow":false,"flowProperties":[{"@type":"FlowPropertyFactor","referenceFlowProperty":true,"flowProperty":{"@type":"FlowProperty","@id":"93a60a56-a3c8-11da-a746-0800200b9a66","name":"Mass"},"conversionFactor":1.0}]}