{"@context":"http://greendelta.github.io/olca-schema/context.jsonld","@type":"Flow","@id":"b082e84d-001a-4154-be49-5851cfa68ddf","name":"Hydrogen-3, Tritium","version":"00.00.000","category":{"@type":"Category","@id":"bba51547-77d9-3c3a-a99b-19a89cabe6fc","name":"low population density, long-term"},"flowType":"ELEMENTARY_FLOW","cas":"010028-17-8","formula":"H-3","infrastructureFlow":false,"flowProperties":[{"@type":"FlowPropertyFactor","referenceFlowProperty":true,"flowProperty":{"@type":"FlowProperty","@id":"93a60a56-a3c8-17da-a746-0800200c9a66","name":"Radioactivity"},"conversionFactor":1.0}]}