{"@context":"http://greendelta.github.io/olca-schema/context.jsonld","@type":"Flow","@id":"b08bafd5-a0e3-4770-a224-1ffe46eac382","name":"Carbon-14","version":"00.00.000","category":{"@type":"Category","@id":"9bd86b94-a190-33bb-83ba-bc8fad84acd4","name":"fossil-"},"flowType":"ELEMENTARY_FLOW","cas":"014762-75-5","formula":"C-14","infrastructureFlow":false,"flowProperties":[{"@type":"FlowPropertyFactor","referenceFlowProperty":true,"flowProperty":{"@type":"FlowProperty","@id":"93a60a56-a3c8-17da-a746-0800200c9a66","name":"Radioactivity"},"conversionFactor":1.0}]}