{"@context":"http://greendelta.github.io/olca-schema/context.jsonld","@type":"Flow","@id":"b328d33e-9a9f-407d-a767-5c64ccdc163f","name":"Methane, dichloro-, HCC-30","version":"00.00.000","category":{"@type":"Category","@id":"038095b2-75fe-33b1-aa7f-5d74b7bb38fa","name":"lower stratosphere + upper troposphere"},"flowType":"ELEMENTARY_FLOW","cas":"000075-09-2","formula":"CH2Cl2","infrastructureFlow":false,"flowProperties":[{"@type":"FlowPropertyFactor","referenceFlowProperty":true,"flowProperty":{"@type":"FlowProperty","@id":"93a60a56-a3c8-11da-a746-0800200b9a66","name":"Mass"},"conversionFactor":1.0}]}