{"@context":"http://greendelta.github.io/olca-schema/context.jsonld","@type":"Flow","@id":"b505847c-32e5-4a26-bace-9e3d93c4fbdf","name":"Ether, ethyl 1,1,2,2-tetrafluoroethyl-, HFE-374pc2","version":"00.00.000","category":{"@type":"Category","@id":"038095b2-75fe-33b1-aa7f-5d74b7bb38fa","name":"lower stratosphere + upper troposphere"},"flowType":"ELEMENTARY_FLOW","cas":"000512-51-6","infrastructureFlow":false,"flowProperties":[{"@type":"FlowPropertyFactor","referenceFlowProperty":true,"flowProperty":{"@type":"FlowProperty","@id":"93a60a56-a3c8-11da-a746-0800200b9a66","name":"Mass"},"conversionFactor":1.0}]}