{"@context":"http://greendelta.github.io/olca-schema/context.jsonld","@type":"Flow","@id":"b6e855e8-97dc-41b0-8a3e-614676036796","name":"Silver-110","version":"00.00.000","category":{"@type":"Category","@id":"9bd86b94-a190-33bb-83ba-bc8fad84acd4","name":"fossil-"},"flowType":"ELEMENTARY_FLOW","cas":"014391-76-5","formula":"Ag-110m","infrastructureFlow":false,"flowProperties":[{"@type":"FlowPropertyFactor","referenceFlowProperty":true,"flowProperty":{"@type":"FlowProperty","@id":"93a60a56-a3c8-17da-a746-0800200c9a66","name":"Radioactivity"},"conversionFactor":1.0}]}