{"@context":"http://greendelta.github.io/olca-schema/context.jsonld","@type":"Flow","@id":"b7bb39cc-4b9a-449a-96cf-9af633c603de","name":"Ethane, 1,1,2,2-tetrafluoro-, HFC-134","version":"00.00.000","category":{"@type":"Category","@id":"bba51547-77d9-3c3a-a99b-19a89cabe6fc","name":"low population density, long-term"},"flowType":"ELEMENTARY_FLOW","cas":"000359-35-3","infrastructureFlow":false,"flowProperties":[{"@type":"FlowPropertyFactor","referenceFlowProperty":true,"flowProperty":{"@type":"FlowProperty","@id":"93a60a56-a3c8-11da-a746-0800200b9a66","name":"Mass"},"conversionFactor":1.0}]}