{"@context":"http://greendelta.github.io/olca-schema/context.jsonld","@type":"Flow","@id":"b7e0bddf-7b8a-43f4-9319-6f4b3d9fa65a","name":"Ethane, hexafluoro-, HFC-116","version":"00.00.000","category":{"@type":"Category","@id":"bba51547-77d9-3c3a-a99b-19a89cabe6fc","name":"low population density, long-term"},"flowType":"ELEMENTARY_FLOW","cas":"000076-16-4","formula":"C2F6","infrastructureFlow":false,"flowProperties":[{"@type":"FlowPropertyFactor","referenceFlowProperty":true,"flowProperty":{"@type":"FlowProperty","@id":"93a60a56-a3c8-11da-a746-0800200b9a66","name":"Mass"},"conversionFactor":1.0}]}