{"@context":"http://greendelta.github.io/olca-schema/context.jsonld","@type":"Flow","@id":"ba955510-2d32-4251-bd56-0ecb4e578335","name":"Silver-110","version":"00.00.000","category":{"@type":"Category","@id":"e3eb990a-bf00-358a-aa44-453c07c8a464","name":"river"},"flowType":"ELEMENTARY_FLOW","cas":"014391-76-5","formula":"Ag-110m","infrastructureFlow":false,"flowProperties":[{"@type":"FlowPropertyFactor","referenceFlowProperty":true,"flowProperty":{"@type":"FlowProperty","@id":"93a60a56-a3c8-17da-a746-0800200c9a66","name":"Radioactivity"},"conversionFactor":1.0}]}