{"@context":"http://greendelta.github.io/olca-schema/context.jsonld","@type":"Flow","@id":"baf679a5-d730-4a4e-8e48-709f51166fc8","name":"Methane, bromodifluoro-, Halon 1201","version":"00.00.000","category":{"@type":"Category","@id":"5ee13ccb-a299-3d36-8d7e-be8281e8891a","name":"unspecified"},"flowType":"ELEMENTARY_FLOW","cas":"001511-62-2","infrastructureFlow":false,"flowProperties":[{"@type":"FlowPropertyFactor","referenceFlowProperty":true,"flowProperty":{"@type":"FlowProperty","@id":"93a60a56-a3c8-11da-a746-0800200b9a66","name":"Mass"},"conversionFactor":1.0}]}