{"@context":"http://greendelta.github.io/olca-schema/context.jsonld","@type":"Flow","@id":"bb84fe35-f468-4c3b-88de-bbfd812c7fc0","name":"Ether, difluoromethyl 2,2,2-trifluoroethyl-, HFE-245fa2","version":"00.00.000","category":{"@type":"Category","@id":"038095b2-75fe-33b1-aa7f-5d74b7bb38fa","name":"lower stratosphere + upper troposphere"},"flowType":"ELEMENTARY_FLOW","cas":"001885-48-9","infrastructureFlow":false,"flowProperties":[{"@type":"FlowPropertyFactor","referenceFlowProperty":true,"flowProperty":{"@type":"FlowProperty","@id":"93a60a56-a3c8-11da-a746-0800200b9a66","name":"Mass"},"conversionFactor":1.0}]}