{"@context":"http://greendelta.github.io/olca-schema/context.jsonld","@type":"Flow","@id":"c05a4d81-570d-4393-8dc7-f0fdf06094a0","name":"Cobalt-58","version":"00.00.000","category":{"@type":"Category","@id":"fcdb9418-2c9b-3a06-9b46-b280afc50970","name":"ground water"},"flowType":"ELEMENTARY_FLOW","cas":"013981-38-9","formula":"Co-58","infrastructureFlow":false,"flowProperties":[{"@type":"FlowPropertyFactor","referenceFlowProperty":true,"flowProperty":{"@type":"FlowProperty","@id":"93a60a56-a3c8-17da-a746-0800200c9a66","name":"Radioactivity"},"conversionFactor":1.0}]}