{"@context":"http://greendelta.github.io/olca-schema/context.jsonld","@type":"Flow","@id":"c18bbf15-75f2-4e46-ba02-b265afacb96e","name":"HFE-43-10pccc124 (H-Galden1040x)","version":"00.00.000","category":{"@type":"Category","@id":"52d41f57-0e7d-35cf-b4ea-7c9d6c2f9c28","name":"low population density"},"flowType":"ELEMENTARY_FLOW","infrastructureFlow":false,"flowProperties":[{"@type":"FlowPropertyFactor","referenceFlowProperty":true,"flowProperty":{"@type":"FlowProperty","@id":"93a60a56-a3c8-11da-a746-0800200b9a66","name":"Mass"},"conversionFactor":1.0}]}