{"@context":"http://greendelta.github.io/olca-schema/context.jsonld","@type":"Flow","@id":"c263476b-e808-4e0c-b723-5d6d55669328","name":"Propane, 1,1,1,2,3,3-hexafluoro-, HFC-236ea","version":"00.00.000","category":{"@type":"Category","@id":"52d41f57-0e7d-35cf-b4ea-7c9d6c2f9c28","name":"low population density"},"flowType":"ELEMENTARY_FLOW","cas":"000431-63-0","infrastructureFlow":false,"flowProperties":[{"@type":"FlowPropertyFactor","referenceFlowProperty":true,"flowProperty":{"@type":"FlowProperty","@id":"93a60a56-a3c8-11da-a746-0800200b9a66","name":"Mass"},"conversionFactor":1.0}]}