{"@context":"http://greendelta.github.io/olca-schema/context.jsonld","@type":"Flow","@id":"c324bf66-25fc-469f-8468-87152040f62a","name":"Ether, 1,2,2-trifluoroethyl trifluoromethyl-, HFE-236fa","version":"00.00.000","category":{"@type":"Category","@id":"148f2fea-51d6-3300-89e9-98d4bfad0b18","name":"high population density"},"flowType":"ELEMENTARY_FLOW","cas":"020193-67-3","infrastructureFlow":false,"flowProperties":[{"@type":"FlowPropertyFactor","referenceFlowProperty":true,"flowProperty":{"@type":"FlowProperty","@id":"93a60a56-a3c8-11da-a746-0800200b9a66","name":"Mass"},"conversionFactor":1.0}]}