{"@context":"http://greendelta.github.io/olca-schema/context.jsonld","@type":"Flow","@id":"c8dd5128-8a14-41c8-abab-7112ce115f94","name":"Silver-110","version":"00.00.000","category":{"@type":"Category","@id":"148f2fea-51d6-3300-89e9-98d4bfad0b18","name":"high population density"},"flowType":"ELEMENTARY_FLOW","cas":"014391-76-5","formula":"Ag-110m","infrastructureFlow":false,"flowProperties":[{"@type":"FlowPropertyFactor","referenceFlowProperty":true,"flowProperty":{"@type":"FlowProperty","@id":"93a60a56-a3c8-17da-a746-0800200c9a66","name":"Radioactivity"},"conversionFactor":1.0}]}