{"@context":"http://greendelta.github.io/olca-schema/context.jsonld","@type":"Flow","@id":"cb20efd1-1f08-4035-a18a-1a601a81347e","name":"Cesium-137","version":"00.00.000","category":{"@type":"Category","@id":"9bd86b94-a190-33bb-83ba-bc8fad84acd4","name":"fossil-"},"flowType":"ELEMENTARY_FLOW","cas":"010045-97-3","formula":"Cs-137","infrastructureFlow":false,"flowProperties":[{"@type":"FlowPropertyFactor","referenceFlowProperty":true,"flowProperty":{"@type":"FlowProperty","@id":"93a60a56-a3c8-17da-a746-0800200c9a66","name":"Radioactivity"},"conversionFactor":1.0}]}