{"@context":"http://greendelta.github.io/olca-schema/context.jsonld","@type":"Flow","@id":"cba1f04c-dde2-4d57-b69c-2b1c429ea8bf","name":"Pentane, 2,3-dihydroperfluoro-, HFC-4310mee","version":"00.00.000","category":{"@type":"Category","@id":"bba51547-77d9-3c3a-a99b-19a89cabe6fc","name":"low population density, long-term"},"flowType":"ELEMENTARY_FLOW","cas":"138495-42-8","infrastructureFlow":false,"flowProperties":[{"@type":"FlowPropertyFactor","referenceFlowProperty":true,"flowProperty":{"@type":"FlowProperty","@id":"93a60a56-a3c8-11da-a746-0800200b9a66","name":"Mass"},"conversionFactor":1.0}]}