{"@context":"http://greendelta.github.io/olca-schema/context.jsonld","@type":"Flow","@id":"ccb169c3-8aae-4727-89bb-a7dd122946f3","name":"Particulates, \u003e 2.5 um, and \u003c 10um","version":"00.00.000","category":{"@type":"Category","@id":"148f2fea-51d6-3300-89e9-98d4bfad0b18","name":"high population density"},"flowType":"ELEMENTARY_FLOW","formula":"PM10-PM2.5","infrastructureFlow":false,"flowProperties":[{"@type":"FlowPropertyFactor","referenceFlowProperty":true,"flowProperty":{"@type":"FlowProperty","@id":"93a60a56-a3c8-11da-a746-0800200b9a66","name":"Mass"},"conversionFactor":1.0}]}