{"@context":"http://greendelta.github.io/olca-schema/context.jsonld","@type":"Flow","@id":"ce6294f5-2ed7-46ee-a967-33e265e34455","name":"Ethane, 1,1,1-trichloro-, HCFC-140","version":"00.00.000","category":{"@type":"Category","@id":"5ee13ccb-a299-3d36-8d7e-be8281e8891a","name":"unspecified"},"flowType":"ELEMENTARY_FLOW","cas":"000071-55-6","formula":"C2H3Cl3","infrastructureFlow":false,"flowProperties":[{"@type":"FlowPropertyFactor","referenceFlowProperty":true,"flowProperty":{"@type":"FlowProperty","@id":"93a60a56-a3c8-11da-a746-0800200b9a66","name":"Mass"},"conversionFactor":1.0}]}