{"@context":"http://greendelta.github.io/olca-schema/context.jsonld","@type":"Flow","@id":"d10103a6-e3e5-4661-b29a-2ffb94249d2e","name":"Methane, dibromodifluoro-, Halon 1202","version":"00.00.000","category":{"@type":"Category","@id":"148f2fea-51d6-3300-89e9-98d4bfad0b18","name":"high population density"},"flowType":"ELEMENTARY_FLOW","cas":"000075-61-6","infrastructureFlow":false,"flowProperties":[{"@type":"FlowPropertyFactor","referenceFlowProperty":true,"flowProperty":{"@type":"FlowProperty","@id":"93a60a56-a3c8-11da-a746-0800200b9a66","name":"Mass"},"conversionFactor":1.0}]}