{"@context":"http://greendelta.github.io/olca-schema/context.jsonld","@type":"Flow","@id":"d463c298-5c79-4abb-a91f-f71a1527305b","name":"Carbon dioxide, from soil or biomass stock","version":"00.00.000","category":{"@type":"Category","@id":"bba51547-77d9-3c3a-a99b-19a89cabe6fc","name":"low population density, long-term"},"flowType":"ELEMENTARY_FLOW","infrastructureFlow":false,"flowProperties":[{"@type":"FlowPropertyFactor","referenceFlowProperty":true,"flowProperty":{"@type":"FlowProperty","@id":"93a60a56-a3c8-11da-a746-0800200b9a66","name":"Mass"},"conversionFactor":1.0}]}