{"@context":"http://greendelta.github.io/olca-schema/context.jsonld","@type":"Flow","@id":"d57b65c7-9b87-404f-8106-ce4cbc557381","name":"Propane, 1,3-dichloro-1,1,2,2,3-pentafluoro-, HCFC-225cb","version":"00.00.000","category":{"@type":"Category","@id":"5ee13ccb-a299-3d36-8d7e-be8281e8891a","name":"unspecified"},"flowType":"ELEMENTARY_FLOW","cas":"000507-55-1","formula":"CHClFCF2CClF2","infrastructureFlow":false,"flowProperties":[{"@type":"FlowPropertyFactor","referenceFlowProperty":true,"flowProperty":{"@type":"FlowProperty","@id":"93a60a56-a3c8-11da-a746-0800200b9a66","name":"Mass"},"conversionFactor":1.0}]}