{"@context":"http://greendelta.github.io/olca-schema/context.jsonld","@type":"Flow","@id":"d6235194-e4e6-4548-bfa3-ac095131aef4","name":"Carbon dioxide, biogenic","version":"00.00.000","category":{"@type":"Category","@id":"52d41f57-0e7d-35cf-b4ea-7c9d6c2f9c28","name":"low population density"},"flowType":"ELEMENTARY_FLOW","cas":"000124-38-9","formula":"CO2","infrastructureFlow":false,"flowProperties":[{"@type":"FlowPropertyFactor","referenceFlowProperty":true,"flowProperty":{"@type":"FlowProperty","@id":"93a60a56-a3c8-11da-a746-0800200b9a66","name":"Mass"},"conversionFactor":1.0}]}