{"@context":"http://greendelta.github.io/olca-schema/context.jsonld","@type":"Flow","@id":"d84884d8-87fa-4196-878a-95e06b2c65c2","name":"Ethane, 1,1,1,2-tetrafluoro-2-bromo-, Halon 2401","version":"00.00.000","category":{"@type":"Category","@id":"52d41f57-0e7d-35cf-b4ea-7c9d6c2f9c28","name":"low population density"},"flowType":"ELEMENTARY_FLOW","cas":"000124-72-1","infrastructureFlow":false,"flowProperties":[{"@type":"FlowPropertyFactor","referenceFlowProperty":true,"flowProperty":{"@type":"FlowProperty","@id":"93a60a56-a3c8-11da-a746-0800200b9a66","name":"Mass"},"conversionFactor":1.0}]}