{"@context":"http://greendelta.github.io/olca-schema/context.jsonld","@type":"Flow","@id":"db4da7b0-b7b4-4f47-9132-b3f573fa2024","name":"Ether, 2,2,3,3,3-Pentafluoropropyl methyl-, HFE-365mcf3","version":"00.00.000","category":{"@type":"Category","@id":"5ee13ccb-a299-3d36-8d7e-be8281e8891a","name":"unspecified"},"flowType":"ELEMENTARY_FLOW","cas":"000378-16-5","infrastructureFlow":false,"flowProperties":[{"@type":"FlowPropertyFactor","referenceFlowProperty":true,"flowProperty":{"@type":"FlowProperty","@id":"93a60a56-a3c8-11da-a746-0800200b9a66","name":"Mass"},"conversionFactor":1.0}]}