{"@context":"http://greendelta.github.io/olca-schema/context.jsonld","@type":"Flow","@id":"db52b0c1-6a98-43e6-b3da-6e6ad0fab8a9","name":"Antimony-125","version":"00.00.000","category":{"@type":"Category","@id":"16dd8091-78f7-3b9e-b9a6-cf888965eee5","name":"lake"},"flowType":"ELEMENTARY_FLOW","cas":"014234-35-6","formula":"Sb-125","infrastructureFlow":false,"flowProperties":[{"@type":"FlowPropertyFactor","referenceFlowProperty":true,"flowProperty":{"@type":"FlowProperty","@id":"93a60a56-a3c8-17da-a746-0800200c9a66","name":"Radioactivity"},"conversionFactor":1.0}]}