{"@context":"http://greendelta.github.io/olca-schema/context.jsonld","@type":"Flow","@id":"db907ff7-6cf0-4f88-9376-116262dfad6d","name":"Ethane, 2,2-dichloro-1,1,1-trifluoro-, HCFC-123","version":"00.00.000","category":{"@type":"Category","@id":"148f2fea-51d6-3300-89e9-98d4bfad0b18","name":"high population density"},"flowType":"ELEMENTARY_FLOW","cas":"000306-83-2","formula":"C2HCl2F3","infrastructureFlow":false,"flowProperties":[{"@type":"FlowPropertyFactor","referenceFlowProperty":true,"flowProperty":{"@type":"FlowProperty","@id":"93a60a56-a3c8-11da-a746-0800200b9a66","name":"Mass"},"conversionFactor":1.0}]}