{"@context":"http://greendelta.github.io/olca-schema/context.jsonld","@type":"Flow","@id":"dddafc30-7a1e-4ab1-ad0d-0a1df4f82af7","name":"Hydrogen-3, Tritium","version":"00.00.000","category":{"@type":"Category","@id":"44c00cf2-fa62-34b8-802b-4889d283c3ba","name":"fresh water, long-term"},"flowType":"ELEMENTARY_FLOW","cas":"010028-17-8","infrastructureFlow":false,"flowProperties":[{"@type":"FlowPropertyFactor","referenceFlowProperty":true,"flowProperty":{"@type":"FlowProperty","@id":"93a60a56-a3c8-17da-a746-0800200c9a66","name":"Radioactivity"},"conversionFactor":1.0}]}