{"@context":"http://greendelta.github.io/olca-schema/context.jsonld","@type":"Flow","@id":"dec595e1-4819-4694-a3b2-0d7e2ac7f8e9","name":"trifluoromethyl sulphur pentafluoride","version":"00.00.000","category":{"@type":"Category","@id":"148f2fea-51d6-3300-89e9-98d4bfad0b18","name":"high population density"},"flowType":"ELEMENTARY_FLOW","cas":"000373-80-8","infrastructureFlow":false,"flowProperties":[{"@type":"FlowPropertyFactor","referenceFlowProperty":true,"flowProperty":{"@type":"FlowProperty","@id":"93a60a56-a3c8-11da-a746-0800200b9a66","name":"Mass"},"conversionFactor":1.0}]}