{"@context":"http://greendelta.github.io/olca-schema/context.jsonld","@type":"Flow","@id":"def7788b-91c3-4b04-8145-df0e6951a498","name":"Ether, difluoromethyl 2,2,2-trifluoroethyl-, HFE-245cb2","version":"00.00.000","category":{"@type":"Category","@id":"52d41f57-0e7d-35cf-b4ea-7c9d6c2f9c28","name":"low population density"},"flowType":"ELEMENTARY_FLOW","cas":"022410-44-2","infrastructureFlow":false,"flowProperties":[{"@type":"FlowPropertyFactor","referenceFlowProperty":true,"flowProperty":{"@type":"FlowProperty","@id":"93a60a56-a3c8-11da-a746-0800200b9a66","name":"Mass"},"conversionFactor":1.0}]}