{"@context":"http://greendelta.github.io/olca-schema/context.jsonld","@type":"Flow","@id":"df5f3f08-b71d-4816-b861-59604c1e6f11","name":"Carbon-14","version":"00.00.000","category":{"@type":"Category","@id":"bcf882d6-0577-3737-861a-539dae490716","name":"ocean"},"flowType":"ELEMENTARY_FLOW","cas":"014762-75-5","formula":"C-14","infrastructureFlow":false,"flowProperties":[{"@type":"FlowPropertyFactor","referenceFlowProperty":true,"flowProperty":{"@type":"FlowProperty","@id":"93a60a56-a3c8-17da-a746-0800200c9a66","name":"Radioactivity"},"conversionFactor":1.0}]}