{"@context":"http://greendelta.github.io/olca-schema/context.jsonld","@type":"Flow","@id":"dfe1da1e-7756-4f7e-a393-6d5e2342a962","name":"Methane, tetrafluoro-, R-14","version":"00.00.000","category":{"@type":"Category","@id":"148f2fea-51d6-3300-89e9-98d4bfad0b18","name":"high population density"},"flowType":"ELEMENTARY_FLOW","cas":"000075-73-0","formula":"CF4","infrastructureFlow":false,"flowProperties":[{"@type":"FlowPropertyFactor","referenceFlowProperty":true,"flowProperty":{"@type":"FlowProperty","@id":"93a60a56-a3c8-11da-a746-0800200b9a66","name":"Mass"},"conversionFactor":1.0}]}