{"@context":"http://greendelta.github.io/olca-schema/context.jsonld","@type":"Flow","@id":"e06e2e1e-ad87-49e2-a184-f2d1c48b7b46","name":"Methane, chlorotrifluoro-, CFC-13","version":"00.00.000","category":{"@type":"Category","@id":"5ee13ccb-a299-3d36-8d7e-be8281e8891a","name":"unspecified"},"flowType":"ELEMENTARY_FLOW","cas":"000075-72-9","formula":"CClF3","infrastructureFlow":false,"flowProperties":[{"@type":"FlowPropertyFactor","referenceFlowProperty":true,"flowProperty":{"@type":"FlowProperty","@id":"93a60a56-a3c8-11da-a746-0800200b9a66","name":"Mass"},"conversionFactor":1.0}]}