{"@context":"http://greendelta.github.io/olca-schema/context.jsonld","@type":"Flow","@id":"e1167a49-0a2d-4c7e-a089-645eed790566","name":"Manganese-54","version":"00.00.000","category":{"@type":"Category","@id":"44c00cf2-fa62-34b8-802b-4889d283c3ba","name":"fresh water, long-term"},"flowType":"ELEMENTARY_FLOW","cas":"013966-31-9","infrastructureFlow":false,"flowProperties":[{"@type":"FlowPropertyFactor","referenceFlowProperty":true,"flowProperty":{"@type":"FlowProperty","@id":"93a60a56-a3c8-17da-a746-0800200c9a66","name":"Radioactivity"},"conversionFactor":1.0}]}