{"@context":"http://greendelta.github.io/olca-schema/context.jsonld","@type":"Flow","@id":"e22e8f39-d8f2-4702-bed3-0b95babb7788","name":"Particulates, \u003e 10 um","version":"00.00.000","category":{"@type":"Category","@id":"038095b2-75fe-33b1-aa7f-5d74b7bb38fa","name":"lower stratosphere + upper troposphere"},"flowType":"ELEMENTARY_FLOW","formula":"TPM-PM10","infrastructureFlow":false,"flowProperties":[{"@type":"FlowPropertyFactor","referenceFlowProperty":true,"flowProperty":{"@type":"FlowProperty","@id":"93a60a56-a3c8-11da-a746-0800200b9a66","name":"Mass"},"conversionFactor":1.0}]}