{"@context":"http://greendelta.github.io/olca-schema/context.jsonld","@type":"Flow","@id":"e26cfab3-5928-41fe-a5b7-f815af0677bc","name":"Antimony-124","version":"00.00.000","category":{"@type":"Category","@id":"e3eb990a-bf00-358a-aa44-453c07c8a464","name":"river"},"flowType":"ELEMENTARY_FLOW","cas":"014683-10-4","formula":"Sb-124","infrastructureFlow":false,"flowProperties":[{"@type":"FlowPropertyFactor","referenceFlowProperty":true,"flowProperty":{"@type":"FlowProperty","@id":"93a60a56-a3c8-17da-a746-0800200c9a66","name":"Radioactivity"},"conversionFactor":1.0}]}