{"@context":"http://greendelta.github.io/olca-schema/context.jsonld","@type":"Flow","@id":"e44bde1d-28c9-4807-af56-ff10869a7a68","name":"Ether, 1,1,2,3,3,3-Hexafluoropropyl methyl-, HFE-356pcf3","version":"00.00.000","category":{"@type":"Category","@id":"bba51547-77d9-3c3a-a99b-19a89cabe6fc","name":"low population density, long-term"},"flowType":"ELEMENTARY_FLOW","cas":"035042-99-0","infrastructureFlow":false,"flowProperties":[{"@type":"FlowPropertyFactor","referenceFlowProperty":true,"flowProperty":{"@type":"FlowProperty","@id":"93a60a56-a3c8-11da-a746-0800200b9a66","name":"Mass"},"conversionFactor":1.0}]}