{"@context":"http://greendelta.github.io/olca-schema/context.jsonld","@type":"Flow","@id":"e86bfec2-1025-4fa2-90b1-81e35e621e91","name":"Ethane, 1,1,1-trifluoro-, HFC-143a","version":"00.00.000","category":{"@type":"Category","@id":"5ee13ccb-a299-3d36-8d7e-be8281e8891a","name":"unspecified"},"flowType":"ELEMENTARY_FLOW","cas":"000420-46-2","formula":"C2H3F3","infrastructureFlow":false,"flowProperties":[{"@type":"FlowPropertyFactor","referenceFlowProperty":true,"flowProperty":{"@type":"FlowProperty","@id":"93a60a56-a3c8-11da-a746-0800200b9a66","name":"Mass"},"conversionFactor":1.0}]}