{"@context":"http://greendelta.github.io/olca-schema/context.jsonld","@type":"Flow","@id":"e8f4893d-61f6-430e-a9bc-c39c6dbfdb57","name":"Iodine-131","version":"00.00.000","category":{"@type":"Category","@id":"9bd86b94-a190-33bb-83ba-bc8fad84acd4","name":"fossil-"},"flowType":"ELEMENTARY_FLOW","cas":"010043-66-0","formula":"I-131","infrastructureFlow":false,"flowProperties":[{"@type":"FlowPropertyFactor","referenceFlowProperty":true,"flowProperty":{"@type":"FlowProperty","@id":"93a60a56-a3c8-17da-a746-0800200c9a66","name":"Radioactivity"},"conversionFactor":1.0}]}