{"@context":"http://greendelta.github.io/olca-schema/context.jsonld","@type":"Flow","@id":"ec34f119-518b-4abd-a0a6-63ceb6c68a11","name":"Propane, 1,3-dichloro-1,1,2,2,3-pentafluoro-, HCFC-225cb","version":"00.00.000","category":{"@type":"Category","@id":"bba51547-77d9-3c3a-a99b-19a89cabe6fc","name":"low population density, long-term"},"flowType":"ELEMENTARY_FLOW","cas":"000507-55-1","infrastructureFlow":false,"flowProperties":[{"@type":"FlowPropertyFactor","referenceFlowProperty":true,"flowProperty":{"@type":"FlowProperty","@id":"93a60a56-a3c8-11da-a746-0800200b9a66","name":"Mass"},"conversionFactor":1.0}]}