{"@context":"http://greendelta.github.io/olca-schema/context.jsonld","@type":"Flow","@id":"ee31ac2a-9336-4ed6-8077-9663003bc2f9","name":"Methane, bromochlorodifluoro-, Halon 1211","version":"00.00.000","category":{"@type":"Category","@id":"5ee13ccb-a299-3d36-8d7e-be8281e8891a","name":"unspecified"},"flowType":"ELEMENTARY_FLOW","cas":"000353-59-3","formula":"CBrClF2","infrastructureFlow":false,"flowProperties":[{"@type":"FlowPropertyFactor","referenceFlowProperty":true,"flowProperty":{"@type":"FlowProperty","@id":"93a60a56-a3c8-11da-a746-0800200b9a66","name":"Mass"},"conversionFactor":1.0}]}