{"@context":"http://greendelta.github.io/olca-schema/context.jsonld","@type":"Flow","@id":"f01698c8-3f65-48a0-9442-4dc8a53fc99b","name":"Ether, 1,2,2-trifluoroethyl trifluoromethyl-, HFE-236ea2","version":"00.00.000","category":{"@type":"Category","@id":"52d41f57-0e7d-35cf-b4ea-7c9d6c2f9c28","name":"low population density"},"flowType":"ELEMENTARY_FLOW","cas":"002356-62-9","infrastructureFlow":false,"flowProperties":[{"@type":"FlowPropertyFactor","referenceFlowProperty":true,"flowProperty":{"@type":"FlowProperty","@id":"93a60a56-a3c8-11da-a746-0800200b9a66","name":"Mass"},"conversionFactor":1.0}]}