{"@context":"http://greendelta.github.io/olca-schema/context.jsonld","@type":"Flow","@id":"f0cf351f-c633-4048-b8cc-ca44a5b83b86","name":"Ether, 1,1,1-trifluoromethyl methyl-, HFE-143a","version":"00.00.000","category":{"@type":"Category","@id":"5ee13ccb-a299-3d36-8d7e-be8281e8891a","name":"unspecified"},"flowType":"ELEMENTARY_FLOW","cas":"000421-14-7","formula":"CH3OCF3","infrastructureFlow":false,"flowProperties":[{"@type":"FlowPropertyFactor","referenceFlowProperty":true,"flowProperty":{"@type":"FlowProperty","@id":"93a60a56-a3c8-11da-a746-0800200b9a66","name":"Mass"},"conversionFactor":1.0}]}