{"@context":"http://greendelta.github.io/olca-schema/context.jsonld","@type":"Flow","@id":"f61644a8-ed30-4bfc-b756-f508d90f0723","name":"Ethane, 1,2-difluoro-, HFC-152","version":"00.00.000","category":{"@type":"Category","@id":"52d41f57-0e7d-35cf-b4ea-7c9d6c2f9c28","name":"low population density"},"flowType":"ELEMENTARY_FLOW","cas":"000624-72-6","infrastructureFlow":false,"flowProperties":[{"@type":"FlowPropertyFactor","referenceFlowProperty":true,"flowProperty":{"@type":"FlowProperty","@id":"93a60a56-a3c8-11da-a746-0800200b9a66","name":"Mass"},"conversionFactor":1.0}]}