{"@context":"http://greendelta.github.io/olca-schema/context.jsonld","@type":"Flow","@id":"f7fc4f19-e01f-4909-aab5-f7612354e7a0","name":"Cobalt-58","version":"00.00.000","category":{"@type":"Category","@id":"ac947fa6-2257-3eb0-9962-7ee8c2f051bd","name":"surface water"},"flowType":"ELEMENTARY_FLOW","cas":"013981-38-9","formula":"Co-58","infrastructureFlow":false,"flowProperties":[{"@type":"FlowPropertyFactor","referenceFlowProperty":true,"flowProperty":{"@type":"FlowProperty","@id":"93a60a56-a3c8-17da-a746-0800200c9a66","name":"Radioactivity"},"conversionFactor":1.0}]}