{"@context":"http://greendelta.github.io/olca-schema/context.jsonld","@type":"Flow","@id":"f903c2fb-71bf-4568-99fc-6aa7ed7bc922","name":"Methane, dichloro-, HCC-30","version":"00.00.000","category":{"@type":"Category","@id":"bba51547-77d9-3c3a-a99b-19a89cabe6fc","name":"low population density, long-term"},"flowType":"ELEMENTARY_FLOW","cas":"000075-09-2","formula":"CH2Cl2","infrastructureFlow":false,"flowProperties":[{"@type":"FlowPropertyFactor","referenceFlowProperty":true,"flowProperty":{"@type":"FlowProperty","@id":"93a60a56-a3c8-11da-a746-0800200b9a66","name":"Mass"},"conversionFactor":1.0}]}