{"@context":"http://greendelta.github.io/olca-schema/context.jsonld","@type":"Flow","@id":"f99a2ee5-8e0c-4e3f-91da-d63ca65beb44","name":"Ether, 1,1,2,2-Tetrafluoroethyl methyl-, HFE-254cb2","version":"00.00.000","category":{"@type":"Category","@id":"bba51547-77d9-3c3a-a99b-19a89cabe6fc","name":"low population density, long-term"},"flowType":"ELEMENTARY_FLOW","cas":"000425-88-7","infrastructureFlow":false,"flowProperties":[{"@type":"FlowPropertyFactor","referenceFlowProperty":true,"flowProperty":{"@type":"FlowProperty","@id":"93a60a56-a3c8-11da-a746-0800200b9a66","name":"Mass"},"conversionFactor":1.0}]}