{"@context":"http://greendelta.github.io/olca-schema/context.jsonld","@type":"Flow","@id":"fd9eef90-dfbd-4d17-a0e3-927e5c2a6030","name":"Cobalt-58","version":"00.00.000","category":{"@type":"Category","@id":"07cff2fa-3a31-3f9f-9b2f-b531b3fd9133","name":"river, long-term"},"flowType":"ELEMENTARY_FLOW","cas":"013981-38-9","formula":"Co-58","infrastructureFlow":false,"flowProperties":[{"@type":"FlowPropertyFactor","referenceFlowProperty":true,"flowProperty":{"@type":"FlowProperty","@id":"93a60a56-a3c8-17da-a746-0800200c9a66","name":"Radioactivity"},"conversionFactor":1.0}]}