{"@context":"http://greendelta.github.io/olca-schema/context.jsonld","@type":"Flow","@id":"ffc5ed8a-60d9-4ab4-b8c6-f4bca76285bd","name":"Ethane, 1,1,1,2-tetrafluoro-2-bromo-, Halon 2401","version":"00.00.000","category":{"@type":"Category","@id":"148f2fea-51d6-3300-89e9-98d4bfad0b18","name":"high population density"},"flowType":"ELEMENTARY_FLOW","cas":"000124-72-1","infrastructureFlow":false,"flowProperties":[{"@type":"FlowPropertyFactor","referenceFlowProperty":true,"flowProperty":{"@type":"FlowProperty","@id":"93a60a56-a3c8-11da-a746-0800200b9a66","name":"Mass"},"conversionFactor":1.0}]}